{"train/forget_Q_A_ROUGE":0.9685792349726776,"train/loss":-0.0008,"_wandb":{"runtime":337},"train/grad_norm":0.13484102487564087,"_timestamp":1.7525275099491682e+09,"train/learning_rate":3.555555555555556e-06,"train/global_step":16,"_runtime":337,"train/epoch":0.34972677595628415,"_step":16}