{"train_runtime":663.3625,"_step":47,"train/loss":-1.5508,"_timestamp":1.7525003653636758e+09,"total_flos":0,"_wandb":{"runtime":1122},"train_loss":-1.436893281671736,"train/grad_norm":5.235995769500732,"train/global_step":45,"train_steps_per_second":0.068,"_runtime":1122,"train/epoch":0.9836065573770492,"train_samples_per_second":1.103,"train/learning_rate":0,"train/forget_Q_A_ROUGE":0.2244990892531876}