{"train/loss":-0.0434,"_step":92,"total_flos":0,"train_loss":-0.04913089515434371,"_runtime":799,"train/learning_rate":0,"train/grad_norm":1.7066134214401245,"train_runtime":524.3778,"_timestamp":1.7525299251194856e+09,"train_samples_per_second":2.792,"train/forget_Q_A_ROUGE":0.9494535519125683,"train_steps_per_second":0.172,"train/epoch":1.9672131147540983,"_wandb":{"runtime":799},"train/global_step":90}