{"train_runtime":585.5519,"train_steps_per_second":0.084,"train_samples_per_second":1.339,"train_loss":-0.882333118696602,"_timestamp":1.752055929993091e+09,"_step":51,"_wandb":{"runtime":1102},"train/global_step":49,"train/loss":-1.5474,"train/grad_norm":5.794969081878662,"train/learning_rate":0,"train/epoch":1,"train/forget_Q_A_ROUGE":0.09183673469387756,"total_flos":0,"_runtime":1102}