{"train/learning_rate":0,"train/global_step":100,"train/epoch":1.9801980198019802,"_timestamp":1.7528171878102713e+09,"total_flos":0,"train_steps_per_second":0.284,"_runtime":502,"train_loss":0.8501572268456221,"train_runtime":352.2032,"train_samples_per_second":4.583,"train/loss":0.5668,"train/grad_norm":10.372367858886719,"_wandb":{"runtime":502},"train/forget_Q_A_ROUGE":0.3819702602230483,"_step":102}