{"train_loss":0.010540666251346982,"_wandb":{"runtime":488},"_timestamp":1.7520957725675142e+09,"total_flos":0,"train/grad_norm":0.10748659819364548,"train/learning_rate":0,"train_samples_per_second":1.766,"_runtime":488,"train/forget_Q_A_ROUGE":0.49287749287749294,"train/epoch":0.9914529914529915,"train/global_step":29,"_step":31,"train/loss":0.008,"train_runtime":265.0553,"train_steps_per_second":0.109}