{"train/loss":0.0159,"train/learning_rate":0,"train_loss":0.014185346439735938,"_timestamp":1.7527572793990774e+09,"train/epoch":2,"train_runtime":1474.2018,"total_flos":0,"train_samples_per_second":1.581,"_step":148,"_runtime":1901,"_wandb":{"runtime":1901},"train/grad_norm":0.569008469581604,"train_steps_per_second":0.099,"train/global_step":146,"train/forget_Q_A_ROUGE":0.7409155937052933}