{"train_loss":0.00928246160503477,"train/grad_norm":0.09628232568502426,"_timestamp":1.7528226830333238e+09,"_wandb":{"runtime":1278},"total_flos":0,"train_steps_per_second":0.103,"_runtime":1278,"train/forget_Q_A_ROUGE":0.9860594795539034,"train/loss":0.0068,"train_samples_per_second":1.665,"train_runtime":969.5383,"train/learning_rate":0,"train/global_step":100,"train/epoch":1.9801980198019802,"_step":102}