{"train/loss":2.0095,"train_steps_per_second":0.117,"train_runtime":706.7964,"_step":85,"total_flos":8.289865467887616e+15,"train_samples_per_second":15.174,"_timestamp":1.7516353358877215e+09,"train/global_step":83,"train/epoch":0.9903057419835943,"train/learning_rate":0,"_runtime":1183,"train/grad_norm":1.2293822765350342,"train/forget_Q_A_ROUGE":0.13056592039800996,"train_loss":2.6390400938240877,"_wandb":{"runtime":1183}}