{"train/learning_rate":0,"total_flos":0,"train/global_step":45,"train/loss":-161.6614,"_timestamp":1.7524967425249968e+09,"train_steps_per_second":0.082,"_wandb":{"runtime":966},"train_loss":-118.92715624703301,"train/epoch":0.9836065573770492,"train_runtime":551.2619,"_runtime":966,"train/forget_Q_A_ROUGE":0,"train_samples_per_second":1.328,"train/grad_norm":25.787158966064453,"_step":47}