{"train_samples_per_second":1.633,"train/learning_rate":0,"_runtime":840,"_wandb":{"runtime":840},"train/forget_Q_A_ROUGE":0.09651360544217688,"train_loss":15.566906325671138,"train/global_step":49,"train_steps_per_second":0.102,"train/epoch":1,"_timestamp":1.7520997639771404e+09,"train/grad_norm":13.1055269241333,"_step":51,"train/loss":14.9372,"total_flos":0,"train_runtime":480.164}