{"train/learning_rate":0,"train/loss":14.1966,"train_steps_per_second":0.073,"_timestamp":1.752448961831239e+09,"train/forget_Q_A_ROUGE":0.23998178506375226,"total_flos":0,"_step":47,"train/global_step":45,"train_samples_per_second":1.192,"train_runtime":614.3373,"_wandb":{"runtime":1017},"_runtime":1017,"train/epoch":0.9836065573770492,"train_loss":14.591015752156576,"train/grad_norm":18.78853416442871}