{"train/forget_Q_A_ROUGE":0.9415530772408095,"train/grad_norm":13.261343002319336,"train/learning_rate":0,"train_runtime":723.6806,"_runtime":1028,"train_samples_per_second":2.23,"train_loss":13.804782028198241,"_step":102,"train/loss":13.5359,"_wandb":{"runtime":1028},"train_steps_per_second":0.138,"_timestamp":1.7528213558249962e+09,"train/global_step":100,"total_flos":0,"train/epoch":1.9801980198019802}