{"train_runtime":1066.3266,"train/forget_Q_A_ROUGE":0.04721030042918455,"train_loss":11.49793987731411,"train/grad_norm":25.52428436279297,"_wandb":{"runtime":1495},"train/epoch":2,"train/learning_rate":0,"_step":148,"train/loss":6.9514,"train_samples_per_second":2.185,"train/global_step":146,"_timestamp":1.7527181012519357e+09,"_runtime":1495,"total_flos":0,"train_steps_per_second":0.137}