{"train_samples_per_second":2.825,"train/global_step":29,"train/epoch":0.9914529914529915,"_step":31,"train_runtime":165.6722,"train/forget_Q_A_ROUGE":0.3048433048433048,"_timestamp":1.7519778739410913e+09,"train/grad_norm":0.08213909715414047,"train/loss":0.0101,"total_flos":0,"train_steps_per_second":0.175,"_wandb":{"runtime":308},"_runtime":308,"train_loss":0.013747116615032327,"train/learning_rate":0}