{"train/learning_rate":0,"train/loss":4.9091,"_wandb":{"runtime":1059},"train/forget_Q_A_ROUGE":0.012081784386617101,"train_steps_per_second":0.135,"train/global_step":100,"total_flos":0,"_timestamp":1.7527290750567105e+09,"_runtime":1059,"train/grad_norm":27.464567184448242,"train_loss":10.454179105758667,"train_samples_per_second":2.173,"train/epoch":1.9801980198019802,"_step":102,"train_runtime":742.7775}