{"train/grad_norm":12.602590560913086,"train_loss":-0.3439610030916002,"total_flos":0,"train/global_step":90,"train/loss":-0.8,"_runtime":454,"train_runtime":318.7129,"train_steps_per_second":0.282,"train/forget_Q_A_ROUGE":0.12955373406193077,"train/epoch":1.9672131147540983,"_wandb":{"runtime":454},"train_samples_per_second":4.593,"_timestamp":1.752543839825727e+09,"_step":92,"train/learning_rate":0}