{"train_loss":-6.905069711953401,"_wandb":{"runtime":797},"train_samples_per_second":2.996,"train_steps_per_second":0.186,"train/forget_Q_A_ROUGE":0,"total_flos":0,"_timestamp":1.7527603285435386e+09,"train_runtime":538.6439,"train/loss":-27.4661,"train/epoch":1.9801980198019802,"_step":102,"_runtime":797,"train/global_step":100,"train/grad_norm":126.56868743896484,"train/learning_rate":0}