{"train_loss":15.585862360000611,"train/global_step":100,"_timestamp":1.752817736520664e+09,"_wandb":{"runtime":514},"train/loss":13.9153,"train/epoch":1.9801980198019802,"_runtime":514,"_step":102,"train_runtime":366.6573,"train/forget_Q_A_ROUGE":0.2764353572903758,"train/learning_rate":0,"train_samples_per_second":4.402,"total_flos":0,"train_steps_per_second":0.273,"train/grad_norm":33.22459030151367}