{"_timestamp":1.7527473775528278e+09,"train/learning_rate":0,"train_samples_per_second":1.254,"train/forget_Q_A_ROUGE":0.09742489270386266,"train/loss":-1.3634,"train_loss":-0.6814391072967076,"_step":148,"_wandb":{"runtime":2217},"train/grad_norm":26.302120208740234,"train/global_step":146,"train_steps_per_second":0.079,"train_runtime":1858.1107,"train/epoch":2,"total_flos":0,"_runtime":2217}