{"train/global_step":54,"_timestamp":1.7525395858045964e+09,"_runtime":580,"train/loss":10.4318,"train/forget_Q_A_ROUGE":0.41116173120728927,"train_samples_per_second":2.21,"train/epoch":1.9636363636363636,"train_loss":13.22258965174357,"train/learning_rate":0,"total_flos":0,"train_steps_per_second":0.136,"train_runtime":397.3692,"train/grad_norm":26.759496688842773,"_step":56,"_wandb":{"runtime":580}}