{"_runtime":518,"train/learning_rate":0,"train/epoch":1.9801980198019802,"train_loss":0.011929022585973144,"_wandb":{"runtime":518},"_step":102,"train/grad_norm":0.2728915512561798,"train_steps_per_second":0.279,"train_samples_per_second":4.505,"train/global_step":100,"_timestamp":1.7527222860394654e+09,"train/forget_Q_A_ROUGE":0.330545229244114,"train/loss":0.0108,"train_runtime":358.2931,"total_flos":0}