{"train_runtime":343.6258,"train/loss":0.0101,"train_samples_per_second":4.697,"_timestamp":1.752818263284779e+09,"train_loss":0.011841121343895793,"_wandb":{"runtime":491},"total_flos":0,"_step":102,"train_steps_per_second":0.291,"train/global_step":100,"train/epoch":1.9801980198019802,"_runtime":491,"train/forget_Q_A_ROUGE":0.37742668318876493,"train/grad_norm":0.3211742043495178,"train/learning_rate":0}