{"train_runtime":543.0641,"train/forget_Q_A_ROUGE":0.325591985428051,"_wandb":{"runtime":542},"_runtime":542,"train/loss":-1.5508,"train_samples_per_second":1.348,"total_flos":0,"_timestamp":1.7525030243296769e+09,"_step":46,"train/global_step":45,"train/learning_rate":0,"train_steps_per_second":0.083,"train/epoch":0.9836065573770492,"train/grad_norm":5.235995769500732,"train_loss":-1.436893281671736}