{"train/learning_rate":0,"train/global_step":146,"train_samples_per_second":2.235,"_step":148,"train_loss":13.836645805672424,"total_flos":0,"train_runtime":1042.5594,"train/epoch":2,"train/grad_norm":6.638293743133545,"_wandb":{"runtime":1468},"train_steps_per_second":0.14,"train/loss":13.785,"train/forget_Q_A_ROUGE":0.9543633762517882,"_runtime":1468,"_timestamp":1.7528093572089088e+09}