{"train/learning_rate":0,"train_loss":-3.80721679062893,"_timestamp":1.752532795169662e+09,"_runtime":811,"train/global_step":90,"train/loss":-16.8956,"train_samples_per_second":2.746,"_wandb":{"runtime":811},"train_runtime":533.1677,"total_flos":0,"train/grad_norm":41.63910675048828,"train/forget_Q_A_ROUGE":0.00546448087431694,"_step":92,"train/epoch":1.9672131147540983,"train_steps_per_second":0.169}