{"train/forget_Q_A_ROUGE":0.7655172413793103,"train/global_step":18,"train_samples_per_second":2.595,"_runtime":180,"train_steps_per_second":0.161,"train/learning_rate":0,"_timestamp":1.7526240926842704e+09,"_wandb":{"runtime":180},"train/epoch":1.945945945945946,"total_flos":0,"train/loss":-0.4499,"train_loss":-0.46526062074634766,"train_runtime":111.7748,"_step":20,"train/grad_norm":3.1875948905944824}