{"train_loss":2.0103662556441373,"train/forget_Q_A_ROUGE":0.12074829931972787,"_wandb":{"runtime":1589},"_runtime":1589,"_timestamp":1.7518916328548238e+09,"total_flos":1.869571828297728e+16,"train/grad_norm":1.4711647033691406,"train_samples_per_second":21.351,"train/loss":1.5344,"train/global_step":189,"train_runtime":1148.9639,"train_steps_per_second":0.164,"_step":191,"train/epoch":2.9560117302052786,"train/learning_rate":0}