{"_step":148,"train_steps_per_second":0.288,"total_flos":0,"_wandb":{"runtime":717},"train/grad_norm":0.29142501950263977,"train_samples_per_second":4.591,"train/learning_rate":0,"_runtime":717,"train/global_step":146,"train_runtime":507.4772,"train/loss":0.0124,"train_loss":0.012535804047006858,"_timestamp":1.7527086029431992e+09,"train/forget_Q_A_ROUGE":0.11745350500715306,"train/epoch":2}