{"_step":31,"train/global_step":29,"train/grad_norm":9.061467170715332,"train/forget_Q_A_ROUGE":0.3190883190883191,"train_loss":0.8190857243948969,"total_flos":0,"train/learning_rate":0,"_runtime":661,"train/epoch":0.9914529914529915,"_timestamp":1.7519713506010656e+09,"train/loss":0.5666,"train_runtime":366.4814,"train_samples_per_second":1.277,"train_steps_per_second":0.079,"_wandb":{"runtime":661}}