{"train/global_step":63,"train/epoch":0.9853372434017595,"train_runtime":930.5694,"_wandb":{"runtime":1207},"train/learning_rate":0,"train/loss":1.8933,"train/grad_norm":2.4794363975524902,"total_flos":6.238097552572416e+15,"train_steps_per_second":0.068,"_runtime":1207,"_timestamp":1.752524642273905e+09,"train_samples_per_second":8.787,"train/forget_Q_A_ROUGE":0.14344262295081966,"_step":65,"train_loss":2.4026454157299466}