{"_runtime":118,"_timestamp":1.7526237214243245e+09,"train_samples_per_second":3.654,"train_loss":15.774868541293674,"_step":20,"total_flos":0,"train_steps_per_second":0.227,"train/epoch":1.945945945945946,"train/global_step":18,"train/learning_rate":0,"train/loss":15.6533,"_wandb":{"runtime":118},"train_runtime":79.3663,"train/forget_Q_A_ROUGE":0.38620689655172413,"train/grad_norm":18.9990177154541}