{"train/grad_norm":28.551525115966797,"train_loss":0.09353268943727017,"_step":102,"train/epoch":1.9801980198019802,"total_flos":0,"train/forget_Q_A_ROUGE":0.04171829822387443,"_wandb":{"runtime":516},"train_samples_per_second":4.41,"_timestamp":1.752758346178269e+09,"train_steps_per_second":0.273,"train_runtime":365.9997,"train/loss":-2.488,"train/learning_rate":0,"_runtime":516,"train/global_step":100}