{"_step":102,"train/epoch":1.9801980198019802,"train_runtime":384.3833,"train/learning_rate":0,"train/grad_norm":26.03605079650879,"train_samples_per_second":4.199,"_wandb":{"runtime":536},"train/loss":8.2653,"_runtime":536,"train_loss":12.84938115119934,"train/forget_Q_A_ROUGE":0.01869062370921107,"train_steps_per_second":0.26,"_timestamp":1.752758919974726e+09,"train/global_step":100,"total_flos":0}