{"train_loss":-0.010835215630423691,"_wandb":{"runtime":214},"train_samples_per_second":2.322,"train/global_step":18,"_step":20,"train/loss":-0.0177,"train/grad_norm":0.3983209729194641,"train/learning_rate":0,"train_runtime":124.8854,"train/epoch":1.945945945945946,"train_steps_per_second":0.144,"total_flos":0,"_runtime":214,"_timestamp":1.752622728404896e+09,"train/forget_Q_A_ROUGE":0.993103448275862}