{"train/loss":0.0151,"_wandb":{"runtime":460},"train_loss":0.017031569447782304,"_step":56,"total_flos":0,"train/epoch":1.9636363636363636,"train/grad_norm":0.19510707259178162,"train/global_step":54,"train/learning_rate":0,"_timestamp":1.7525512731595168e+09,"train_runtime":314.7013,"train/forget_Q_A_ROUGE":0.7084282460136674,"_runtime":460,"train_steps_per_second":0.172,"train_samples_per_second":2.79}