{"train/epoch":0.9903057419835943,"train_loss":4.316080777041884,"train/grad_norm":1.831128478050232,"_timestamp":1.7516304763313372e+09,"_wandb":{"runtime":1186},"train_samples_per_second":15.107,"train_steps_per_second":0.117,"total_flos":8.289865467887616e+15,"train/loss":3.8574,"_runtime":1186,"_step":85,"train/learning_rate":0,"train_runtime":709.9203,"train/forget_Q_A_ROUGE":0.10736940298507462,"train/global_step":83}