{"train/loss":15.1154,"train_runtime":294.1625,"train/forget_Q_A_ROUGE":0.48967236467236464,"_timestamp":1.752103240923625e+09,"train/grad_norm":10.072998046875,"train_samples_per_second":1.591,"_runtime":512,"train_steps_per_second":0.099,"train_loss":15.523765827047415,"train/epoch":0.9914529914529915,"train/global_step":29,"total_flos":0,"_wandb":{"runtime":512},"_step":31,"train/learning_rate":0}