{"train/global_step":45,"train_runtime":735.3664,"train_loss":0.011929336955977811,"total_flos":0,"_timestamp":1.7524540853379426e+09,"_wandb":{"runtime":1142},"train_samples_per_second":0.995,"_step":47,"train/forget_Q_A_ROUGE":0.31989981785063754,"train_steps_per_second":0.061,"train/epoch":0.9836065573770492,"train/loss":0.0085,"_runtime":1142,"train/learning_rate":0,"train/grad_norm":1.0539953708648682}