{"train/learning_rate":0,"train/global_step":146,"train/loss":-3.3168,"train_loss":-2.485485027097676,"train_runtime":442.3765,"train_samples_per_second":5.267,"train/grad_norm":18.475112915039062,"_runtime":649,"_timestamp":1.752802669947354e+09,"train/epoch":2,"train_steps_per_second":0.33,"_step":148,"total_flos":0,"_wandb":{"runtime":649},"train/forget_Q_A_ROUGE":0.10243204577968525}