{"train/loss":-83.0925,"_step":102,"train_samples_per_second":2.649,"_runtime":924,"train/epoch":1.9801980198019802,"train/global_step":100,"train_runtime":609.3679,"train_steps_per_second":0.164,"train/learning_rate":0,"train/grad_norm":143.8039093017578,"total_flos":0,"train/forget_Q_A_ROUGE":0,"_wandb":{"runtime":924},"_timestamp":1.7527268791117125e+09,"train_loss":-17.81045305810403}