{"train/loss":1.0504,"total_flos":0,"train/forget_Q_A_ROUGE":0.6417378917378919,"train_steps_per_second":0.098,"train/learning_rate":0,"train_samples_per_second":1.582,"_wandb":{"runtime":537},"train/global_step":29,"_timestamp":1.7519740071699886e+09,"_runtime":537,"train_loss":0.9581932163444059,"train/grad_norm":4.790183067321777,"train_runtime":295.8507,"_step":31,"train/epoch":0.9914529914529915}