{"train_loss":-2.6800817859416104,"_wandb":{"runtime":1050},"train_steps_per_second":0.087,"train/global_step":49,"_runtime":1050,"train/loss":-2.9033,"train_runtime":561.7635,"train/grad_norm":4.434487342834473,"train/epoch":1,"train_samples_per_second":1.396,"total_flos":0,"train/forget_Q_A_ROUGE":0.09268707482993198,"_step":51,"_timestamp":1.7520547702982152e+09,"train/learning_rate":0}