{"train/loss":0.3268,"train/learning_rate":0,"train/epoch":1.9636363636363636,"_step":56,"train/forget_Q_A_ROUGE":0.6235763097949886,"train_loss":0.8093635442632215,"_runtime":476,"_timestamp":1.7525502425106432e+09,"train_steps_per_second":0.163,"train_samples_per_second":2.645,"train/global_step":54,"train_runtime":331.9443,"total_flos":0,"_wandb":{"runtime":476},"train/grad_norm":12.465214729309082}