{"train/forget_Q_A_ROUGE":0.07568027210884354,"train/grad_norm":1.0842351913452148,"train_loss":3.2692068626010227,"train/learning_rate":0,"train/epoch":1.970674486803519,"train/loss":2.8504,"train_steps_per_second":0.339,"_runtime":556,"_wandb":{"runtime":556},"train/global_step":126,"train_samples_per_second":43.942,"_timestamp":1.751888754146054e+09,"train_runtime":372.1731,"total_flos":1.621676157935616e+15,"_step":128}