{"train_steps_per_second":0.19,"_wandb":{"runtime":785},"train/loss":-2.8862,"train_loss":-0.935930705666542,"train_runtime":525.4374,"train_samples_per_second":3.072,"total_flos":0,"train/forget_Q_A_ROUGE":0.2562990499793473,"train/learning_rate":0,"_timestamp":1.7528235259075732e+09,"train/global_step":100,"train/grad_norm":13.695762634277344,"_runtime":785,"_step":102,"train/epoch":1.9801980198019802}