{"_timestamp":1.7525480050150054e+09,"train_loss":0.01722858924832609,"train_runtime":512.4568,"train/forget_Q_A_ROUGE":0.1864754098360656,"_step":92,"train/loss":0.0149,"train/global_step":90,"train/grad_norm":0.27109140157699585,"train/learning_rate":0,"_runtime":742,"train/epoch":1.9672131147540983,"train_steps_per_second":0.176,"total_flos":0,"_wandb":{"runtime":742},"train_samples_per_second":2.857}