{"train/forget_Q_A_ROUGE":0.04171829822387443,"train/epoch":1.9801980198019802,"train_samples_per_second":4.414,"train_loss":0.09353268943727017,"train/global_step":100,"total_flos":0,"train/learning_rate":0,"train/grad_norm":28.551525115966797,"_runtime":514,"train/loss":-2.488,"_timestamp":1.752721147022432e+09,"_step":102,"train_steps_per_second":0.273,"_wandb":{"runtime":514},"train_runtime":365.667}