{"train/learning_rate":0,"_timestamp":1.751887198743638e+09,"train_samples_per_second":23.239,"_step":128,"train_loss":2.208149158765399,"train/epoch":1.970674486803519,"train/loss":1.9241,"train_runtime":703.7255,"train_steps_per_second":0.179,"train/global_step":126,"_wandb":{"runtime":1068},"total_flos":1.2464535278665728e+16,"train/grad_norm":1.436367392539978,"_runtime":1068,"train/forget_Q_A_ROUGE":0.1130952380952381}