{"_runtime":2979,"train/loss":1.5275,"train/forget_Q_A_ROUGE":0.23406193078324222,"_step":317,"train/global_step":315,"train/epoch":4.926686217008798,"train_loss":1.9615673277113173,"_wandb":{"runtime":2979},"train/grad_norm":2.337127685546875,"train_samples_per_second":14.847,"total_flos":1.1737685054717952e+16,"train/learning_rate":0,"train_runtime":2753.7377,"_timestamp":1.7525429009521298e+09,"train_steps_per_second":0.114}