{"train/grad_norm":9.465836524963379,"_timestamp":1.7524476120153675e+09,"train/epoch":0.9836065573770492,"train_samples_per_second":1.193,"train_steps_per_second":0.073,"train/loss":-0.658,"_wandb":{"runtime":1019},"_step":47,"train_runtime":613.5566,"train/global_step":45,"train_loss":-0.6012390077114105,"train/learning_rate":0,"total_flos":0,"train/forget_Q_A_ROUGE":0.2727686703096539,"_runtime":1019}