{"train/epoch":1.945945945945946,"train/loss":13.9429,"train_loss":13.874639670054117,"train_samples_per_second":1.973,"train_steps_per_second":0.122,"_step":20,"train_runtime":147.0199,"_wandb":{"runtime":236},"train/global_step":18,"total_flos":0,"train/forget_Q_A_ROUGE":0.993103448275862,"train/grad_norm":2.657275438308716,"_runtime":236,"_timestamp":1.7526232901059656e+09,"train/learning_rate":0}