{"total_flos":0,"train/grad_norm":5.235995769500732,"_runtime":552,"train/epoch":0.9836065573770492,"train_steps_per_second":0.081,"_step":46,"train/learning_rate":0,"train_samples_per_second":1.324,"train/global_step":45,"train_loss":-1.436893281671736,"train/loss":-1.5508,"train_runtime":553.0276,"train/forget_Q_A_ROUGE":0.325591985428051,"_wandb":{"runtime":552},"_timestamp":1.752510105693856e+09}