{"total_flos":0,"train/global_step":54,"train/learning_rate":0,"train/forget_Q_A_ROUGE":0.09965831435079726,"_step":56,"_runtime":251,"train_loss":-1.6496703150095764,"train_runtime":167.7481,"train/epoch":1.9636363636363636,"_timestamp":1.7525482918809547e+09,"train_steps_per_second":0.322,"_wandb":{"runtime":251},"train_samples_per_second":5.234,"train/loss":-2.9778,"train/grad_norm":13.624533653259277}