{"train_samples_per_second":1.425,"_runtime":946,"train_runtime":550.1706,"train_steps_per_second":0.089,"_wandb":{"runtime":946},"train/forget_Q_A_ROUGE":0.10459183673469388,"train/grad_norm":15.00749683380127,"total_flos":0,"train/epoch":1,"train_loss":15.540219229094836,"_step":51,"train/loss":14.92,"_timestamp":1.7519710154630687e+09,"train/learning_rate":0,"train/global_step":49}