{"train/epoch":1.9806114839671887,"train/loss":1.5554,"_wandb":{"runtime":1420},"train_samples_per_second":22.611,"_timestamp":1.751644526188849e+09,"_runtime":1420,"train/grad_norm":1.2964719533920288,"_step":168,"train/learning_rate":0,"train_runtime":948.6503,"train/global_step":166,"train_loss":2.1250675090824265,"train_steps_per_second":0.175,"train/forget_Q_A_ROUGE":0.15943718905472637,"total_flos":1.656960767557632e+16}