{"_step":51,"train_steps_per_second":0.102,"train/learning_rate":0,"train_runtime":480.8645,"train/loss":-2.8205,"train/global_step":49,"_timestamp":1.751968383764329e+09,"total_flos":0,"train_samples_per_second":1.63,"train/epoch":1,"train/grad_norm":5.140506267547607,"_wandb":{"runtime":905},"_runtime":905,"train_loss":-2.4324631763964284,"train/forget_Q_A_ROUGE":0.10310374149659864}