{"train/forget_Q_A_ROUGE":0.10586734693877552,"train_steps_per_second":0.201,"train/loss":2.4967,"train_runtime":628.0179,"train/grad_norm":0.9389961957931519,"train_samples_per_second":26.041,"train/learning_rate":0,"train_loss":2.8517597951586287,"_step":128,"_runtime":938,"_wandb":{"runtime":938},"total_flos":4.694931032174592e+15,"_timestamp":1.7518881711963463e+09,"train/epoch":1.970674486803519,"train/global_step":126}