{"train/epoch":2,"train/loss":-0.0112,"_wandb":{"runtime":1434},"train_samples_per_second":2.316,"train_loss":-0.023090444099754477,"train/learning_rate":0,"total_flos":0,"_runtime":1434,"_timestamp":1.752807834221007e+09,"train_steps_per_second":0.145,"train/global_step":146,"train/forget_Q_A_ROUGE":0.9593705293276107,"_step":148,"train/grad_norm":1.4623503684997559,"train_runtime":1006.0052}