{"train/global_step":40,"_step":42,"_wandb":{"runtime":212},"train_steps_per_second":0.269,"train_loss":-0.39316881597042086,"train/epoch":2,"total_flos":0,"train/loss":-1.1631,"train_runtime":148.4258,"train/grad_norm":7.894950866699219,"train_samples_per_second":4.285,"_runtime":212,"train/forget_Q_A_ROUGE":0.15723270440251572,"_timestamp":1.7526211911426237e+09,"train/learning_rate":0}