{"train/global_step":45,"train_runtime":612.8797,"_step":47,"train/epoch":0.9836065573770492,"train_steps_per_second":0.073,"train/loss":14.1966,"_wandb":{"runtime":1011},"_runtime":1011,"train_samples_per_second":1.194,"train_loss":14.591015752156576,"train/forget_Q_A_ROUGE":0.23998178506375226,"total_flos":0,"train/learning_rate":0,"_timestamp":1.7524528751062765e+09,"train/grad_norm":18.78853416442871}