{"train_loss":2.6390400938240877,"_wandb":{"runtime":1196},"train/learning_rate":0,"train/global_step":83,"_timestamp":1.751634125382842e+09,"train/epoch":0.9903057419835943,"train_steps_per_second":0.116,"train_runtime":713.8535,"total_flos":8.289865467887616e+15,"_runtime":1196,"train/forget_Q_A_ROUGE":0.13056592039800996,"train/loss":2.0095,"_step":85,"train/grad_norm":1.2293822765350342,"train_samples_per_second":15.024}