{"_runtime":288,"_timestamp":1.7525256208666527e+09,"_step":0,"train/forget_Q_A_ROUGE":0.9685792349726776,"train/epoch":0,"train/global_step":0,"_wandb":{"runtime":288}}