{"train/epoch":1.945945945945946,"train_loss":0.010274277980594585,"train/global_step":18,"train/loss":0.0867,"train_runtime":142.3087,"total_flos":0,"train_steps_per_second":0.126,"_wandb":{"runtime":231},"_step":20,"train/learning_rate":0,"_runtime":231,"train_samples_per_second":2.038,"_timestamp":1.7526230071020367e+09,"train/forget_Q_A_ROUGE":1,"train/grad_norm":2.481735944747925}