{"train_samples_per_second":2.516,"_step":148,"train/grad_norm":50.571170806884766,"train/global_step":146,"_wandb":{"runtime":1284},"train_steps_per_second":0.158,"train/epoch":2,"train_loss":12.612885860547628,"train_runtime":926.1494,"train/forget_Q_A_ROUGE":0.01917024320457797,"total_flos":0,"train/learning_rate":0,"train/loss":8.093,"_timestamp":1.7527124015039105e+09,"_runtime":1284}