{"train_samples_per_second":15.062,"train_loss":2.46172452547464,"train/forget_Q_A_ROUGE":0.1433146766169154,"train/global_step":83,"train/epoch":0.9903057419835943,"train/loss":1.9518,"total_flos":8.289865467887616e+15,"train_runtime":712.0467,"train/learning_rate":0,"_timestamp":1.7516329034379833e+09,"_step":85,"train/grad_norm":1.0771759748458862,"_runtime":1181,"train_steps_per_second":0.117,"_wandb":{"runtime":1181}}