{"train_runtime":618.0422,"train/forget_Q_A_ROUGE":0.09970238095238095,"train_loss":3.091910822681649,"total_flos":2.43237312239616e+15,"_wandb":{"runtime":881},"train/learning_rate":0,"train/grad_norm":1.4988280534744263,"train/loss":2.8835,"train_samples_per_second":39.691,"_runtime":881,"train/epoch":2.9560117302052786,"train_steps_per_second":0.306,"train/global_step":189,"_step":191,"_timestamp":1.751894036954371e+09}