{"train/forget_Q_A_ROUGE":0.7814465408805031,"train/grad_norm":0.44845882058143616,"train_samples_per_second":1.475,"_wandb":{"runtime":574},"_runtime":574,"train/global_step":40,"train_steps_per_second":0.093,"_timestamp":1.7526224458135998e+09,"train/learning_rate":0,"train_runtime":431.1798,"train/loss":0.0147,"train/epoch":2,"total_flos":0,"_step":42,"train_loss":0.014081014762632548}