{"_step":0,"train/forget_Q_A_ROUGE":0.9685792349726776,"train/epoch":0,"train/global_step":0,"_timestamp":1.7525249553454993e+09,"_wandb":{"runtime":286},"_runtime":286}