{"train/epoch":0.9818181818181818,"train_runtime":440.7539,"train_steps_per_second":0.061,"train_samples_per_second":0.996,"_step":29,"_timestamp":1.752457675653078e+09,"_wandb":{"runtime":689},"train/global_step":27,"train/loss":0.0096,"train/forget_Q_A_ROUGE":0.878132118451025,"total_flos":0,"train/grad_norm":0.44432470202445984,"train_loss":0.011604067766004138,"train/learning_rate":0,"_runtime":689}