{"train/epoch":2,"train/global_step":146,"train/forget_Q_A_ROUGE":0.006437768240343348,"train_loss":-10.741153506383505,"train/learning_rate":0,"_timestamp":1.7527405797514923e+09,"train_steps_per_second":0.329,"train/loss":-37.419,"train_samples_per_second":5.256,"total_flos":0,"_wandb":{"runtime":656},"_step":148,"train_runtime":443.3003,"_runtime":656,"train/grad_norm":191.92593383789062}