{"_wandb":{"runtime":1580},"train/epoch":4.926686217008798,"train/learning_rate":0,"train_samples_per_second":32.488,"total_flos":1.1737685054717952e+16,"_step":317,"train/loss":1.5291,"train/grad_norm":2.3156142234802246,"_runtime":1580,"_timestamp":1.7519326720179534e+09,"train_steps_per_second":0.25,"train/global_step":315,"train_loss":2.011791993701269,"train/forget_Q_A_ROUGE":0.20960884353741494,"train_runtime":1258.4821}