{"train/global_step":54,"train_steps_per_second":0.101,"total_flos":0,"train/grad_norm":0.2735021412372589,"_wandb":{"runtime":718},"train/loss":0.0099,"train/forget_Q_A_ROUGE":0.8819286256643888,"_step":56,"train/epoch":1.9636363636363636,"_runtime":718,"train_loss":0.011581398572565781,"train_runtime":534.0235,"train_samples_per_second":1.644,"_timestamp":1.7525403496002269e+09,"train/learning_rate":0}