{"train/loss":0.0166,"_timestamp":1.752537757408562e+09,"train_runtime":864.3127,"train_loss":0.013768709388871987,"_step":92,"_runtime":1143,"train_samples_per_second":1.694,"train/learning_rate":0,"_wandb":{"runtime":1143},"train/epoch":1.9672131147540983,"total_flos":0,"train/forget_Q_A_ROUGE":0.7263205828779599,"train/global_step":90,"train/grad_norm":0.39607110619544983,"train_steps_per_second":0.104}