{"_step":128,"_wandb":{"runtime":2283},"train_loss":1.7590325815337045,"train_samples_per_second":8.691,"train/epoch":1.970674486803519,"train/learning_rate":0,"_runtime":2283,"train_runtime":1881.7913,"total_flos":1.2558237229596672e+16,"_timestamp":1.7524209854506204e+09,"train/loss":1.2243,"train/forget_Q_A_ROUGE":0.33674863387978143,"train/grad_norm":2.5803382396698,"train/global_step":126,"train_steps_per_second":0.067}