{"train/forget_Q_A_ROUGE":0.7425968109339408,"train/learning_rate":0,"_wandb":{"runtime":582},"train_steps_per_second":0.081,"train/epoch":0.9818181818181818,"train/global_step":27,"_timestamp":1.7524550350733933e+09,"train_loss":-0.2870273151331478,"total_flos":0,"_step":29,"_runtime":582,"train/loss":-0.4606,"train_samples_per_second":1.315,"train/grad_norm":3.9642226696014404,"train_runtime":333.9079}