{"train_loss":-0.39223020758530863,"train/global_step":146,"_step":148,"_runtime":732,"train_samples_per_second":4.467,"train/forget_Q_A_ROUGE":0.06824034334763948,"train/loss":-1.2819,"train/epoch":2,"train/grad_norm":24.429183959960938,"_timestamp":1.752741351402488e+09,"train_runtime":521.6205,"train/learning_rate":0,"_wandb":{"runtime":732},"total_flos":0,"train_steps_per_second":0.28}