{"train/global_step":40,"train/forget_Q_A_ROUGE":0.12106918238993711,"train_runtime":131.0267,"train_samples_per_second":4.854,"train/loss":-2.8067,"total_flos":0,"train/learning_rate":0,"train_loss":-2.4219754844903947,"train/grad_norm":7.626979827880859,"_timestamp":1.752620941599898e+09,"train/epoch":2,"train_steps_per_second":0.305,"_wandb":{"runtime":197},"_step":42,"_runtime":197}