{"train/loss":-3.2753,"train/global_step":100,"_step":102,"train_runtime":622.8876,"train/epoch":1.9801980198019802,"train/forget_Q_A_ROUGE":0.042957455596860795,"train/learning_rate":0,"_wandb":{"runtime":880},"_timestamp":1.7527240514745584e+09,"train/grad_norm":31.51933479309082,"_runtime":880,"total_flos":0,"train_samples_per_second":2.591,"train_steps_per_second":0.161,"train_loss":-0.12970750831067562}