{"train/global_step":45,"train/forget_Q_A_ROUGE":0.2727686703096539,"train_loss":-0.6012390077114105,"_timestamp":1.7524517995081203e+09,"train/epoch":0.9836065573770492,"train_runtime":607.7764,"train_steps_per_second":0.074,"_runtime":1013,"total_flos":0,"train/grad_norm":9.465836524963379,"train_samples_per_second":1.204,"_step":47,"train/learning_rate":0,"_wandb":{"runtime":1013},"train/loss":-0.658}