{"_wandb":{"runtime":291},"train_runtime":206.6165,"_timestamp":1.7525489352194772e+09,"train/epoch":1.9636363636363636,"total_flos":0,"train/global_step":54,"train/loss":12.616,"train/forget_Q_A_ROUGE":0.1285117691723614,"train_steps_per_second":0.261,"train/learning_rate":0,"_runtime":291,"train/grad_norm":25.20504379272461,"train_loss":14.970254350591588,"train_samples_per_second":4.249,"_step":56}