{"_wandb":{"runtime":895},"train_steps_per_second":0.169,"_timestamp":1.7528192355766146e+09,"train/grad_norm":16.15310287475586,"total_flos":0,"train_loss":-0.24270134207326918,"_runtime":895,"train/learning_rate":0,"train/global_step":100,"train_samples_per_second":2.732,"train/forget_Q_A_ROUGE":0.4991738950846758,"train/epoch":1.9801980198019802,"_step":102,"train/loss":-1.4639,"train_runtime":590.8724}