{"total_flos":3.139654926414643e+16,"train/global_step":315,"train_runtime":4146.4875,"_step":317,"train/epoch":4.926686217008798,"train/forget_Q_A_ROUGE":0.9685792349726776,"train/learning_rate":0,"train_loss":0.8729064892327029,"_runtime":4421,"_wandb":{"runtime":4421},"train/grad_norm":1.7778037786483765,"train/loss":0.0729,"train_steps_per_second":0.076,"train_samples_per_second":9.86,"_timestamp":1.752508009044036e+09}