{"_timestamp":1.7519697023743162e+09,"_wandb":{"runtime":921},"train_samples_per_second":1.492,"train/learning_rate":0,"_step":51,"train/grad_norm":6.392153739929199,"train_loss":-0.660481650306254,"train/epoch":1,"train/loss":-1.3864,"train/forget_Q_A_ROUGE":0.1090561224489796,"total_flos":0,"train/global_step":49,"_runtime":921,"train_steps_per_second":0.093,"train_runtime":525.3436}