{"total_flos":3.116228725230797e+16,"_runtime":2146,"train_loss":1.7125401536623637,"_step":317,"train_runtime":1647.7992,"_wandb":{"runtime":2146},"train_samples_per_second":24.812,"train/grad_norm":1.7488549947738647,"train/forget_Q_A_ROUGE":0.20790816326530612,"_timestamp":1.7518968013585155e+09,"train/epoch":4.926686217008798,"train/global_step":315,"train/learning_rate":0,"train/loss":1.2629,"train_steps_per_second":0.191}