{"train/loss":1.9137,"train_samples_per_second":15.195,"train/epoch":0.9903057419835943,"_wandb":{"runtime":1177},"train_steps_per_second":0.118,"_runtime":1177,"total_flos":8.289865467887616e+15,"train/grad_norm":0.806876003742218,"train/forget_Q_A_ROUGE":0.19062500000000002,"train/global_step":83,"train_runtime":705.8379,"train_loss":2.235505188804075,"_step":85,"_timestamp":1.7516377633140883e+09,"train/learning_rate":0}