{"total_flos":0,"train/global_step":146,"train_loss":-0.20748638078149356,"train/epoch":2,"train_steps_per_second":0.141,"_runtime":1466,"_step":148,"train/loss":-0.0477,"train/forget_Q_A_ROUGE":0.4543633762517883,"train_runtime":1035.4924,"train/grad_norm":46.972740173339844,"_timestamp":1.7527537668235536e+09,"train_samples_per_second":2.25,"_wandb":{"runtime":1466},"train/learning_rate":0}