{"train/forget_Q_A_ROUGE":0.019353369763205827,"train_loss":-18.2198081864251,"train_runtime":277.0843,"_wandb":{"runtime":276},"train/learning_rate":0,"train/global_step":90,"total_flos":0,"_step":91,"_runtime":276,"_timestamp":1.7525345818138642e+09,"train/loss":-44.3934,"train/epoch":1.9672131147540983,"train_samples_per_second":5.284,"train/grad_norm":94.82857513427734,"train_steps_per_second":0.325}