{"_wandb":{"runtime":629},"train_steps_per_second":0.071,"train_samples_per_second":1.158,"train/loss":14.5025,"train/learning_rate":0,"_runtime":629,"_timestamp":1.7524567501506517e+09,"_step":29,"train/global_step":27,"train/epoch":0.9818181818181818,"train_loss":14.604665826868128,"train/grad_norm":12.785211563110352,"train_runtime":379.0104,"total_flos":0,"train/forget_Q_A_ROUGE":0.7929005315110099}