{"train/loss":-1.5544,"train/learning_rate":0,"train/grad_norm":5.238173484802246,"_wandb":{"runtime":547},"train_steps_per_second":0.082,"_runtime":547,"_timestamp":1.7525132556169345e+09,"train/epoch":0.9836065573770492,"train_samples_per_second":1.336,"train/global_step":45,"train_loss":-1.4357191218270196,"_step":46,"train_runtime":548.0196,"train/forget_Q_A_ROUGE":0.325591985428051,"total_flos":0}