{"train/learning_rate":0,"_wandb":{"runtime":434},"train/epoch":2,"_timestamp":1.7526213369395573e+09,"train_loss":-0.052491026482312006,"train_samples_per_second":2.204,"total_flos":0,"train/global_step":40,"train/grad_norm":4.393803119659424,"_step":42,"train/loss":-0.0478,"train_runtime":288.6011,"train/forget_Q_A_ROUGE":0.9145702306079664,"_runtime":434,"train_steps_per_second":0.139}