{"train_samples_per_second":2.609,"train/epoch":2,"_runtime":1248,"total_flos":0,"train_steps_per_second":0.164,"train/forget_Q_A_ROUGE":0.09742489270386266,"train/grad_norm":26.302120208740234,"_step":148,"train_runtime":892.9056,"train/global_step":146,"train/learning_rate":0,"train_loss":-0.6814391072967076,"_wandb":{"runtime":1248},"train/loss":-1.3634,"_timestamp":1.7527110754318593e+09}