{"_wandb":{"runtime":425},"_runtime":425,"train/forget_Q_A_ROUGE":0.325591985428051,"train/epoch":0,"train/global_step":0,"_timestamp":1.7524497229423506e+09,"_step":0}