{"train_samples_per_second":1.393,"train/loss":-1.5355,"train_loss":-1.5830583079107876,"total_flos":0,"train_steps_per_second":0.086,"train/forget_Q_A_ROUGE":0.3190883190883191,"train_runtime":336.0101,"_runtime":630,"train/grad_norm":7.192452907562256,"_timestamp":1.7519703525360463e+09,"train/global_step":29,"_wandb":{"runtime":630},"_step":31,"train/epoch":0.9914529914529915,"train/learning_rate":0}