{"train_steps_per_second":0.098,"train/epoch":2,"train/forget_Q_A_ROUGE":0.7409155937052933,"train/loss":0.0159,"train/learning_rate":0,"total_flos":0,"_wandb":{"runtime":1926},"train_runtime":1491.9215,"train/global_step":146,"_runtime":1926,"_step":148,"train/grad_norm":0.569008469581604,"train_loss":0.014185346439735938,"_timestamp":1.7527200824722595e+09,"train_samples_per_second":1.562}