{"train_runtime":265.1038,"train_samples_per_second":1.765,"_runtime":481,"_wandb":{"runtime":481},"total_flos":0,"train_loss":0.010540666251346982,"train_steps_per_second":0.109,"train/forget_Q_A_ROUGE":0.49287749287749294,"train/loss":0.008,"train/epoch":0.9914529914529915,"train/grad_norm":0.10748659819364548,"_timestamp":1.7521039605774276e+09,"_step":31,"train/global_step":29,"train/learning_rate":0}