{"_step":148,"_wandb":{"runtime":1101},"train_steps_per_second":0.196,"train/epoch":2,"_runtime":1101,"train/loss":-2.5748,"total_flos":0,"train/grad_norm":11.467666625976562,"_timestamp":1.7528123863241968e+09,"train/learning_rate":0,"train_samples_per_second":3.13,"train_runtime":744.4893,"train/forget_Q_A_ROUGE":0.1686695278969957,"train_loss":-1.9912888579172632,"train/global_step":146}