{"train/learning_rate":0,"train_steps_per_second":0.258,"train_samples_per_second":4.169,"total_flos":0,"_timestamp":1.752721726795794e+09,"train/grad_norm":26.03605079650879,"_step":102,"train/global_step":100,"train/epoch":1.9801980198019802,"_runtime":538,"train/forget_Q_A_ROUGE":0.01869062370921107,"train_runtime":387.1823,"train_loss":12.84938115119934,"_wandb":{"runtime":538},"train/loss":8.2653}