{"train/loss":-1.0022,"train/forget_Q_A_ROUGE":0.38620689655172413,"train_steps_per_second":0.264,"train_samples_per_second":4.259,"_runtime":106,"total_flos":0,"_wandb":{"runtime":106},"_timestamp":1.7526234104505892e+09,"train_loss":-1.2548185686270397,"train/learning_rate":0,"_step":20,"train/grad_norm":6.516680717468262,"train/global_step":18,"train/epoch":1.945945945945946,"train_runtime":68.0974}