{"train/global_step":100,"train_loss":0.0167241426743567,"_wandb":{"runtime":828},"train/forget_Q_A_ROUGE":0.7391573729863693,"train/loss":0.0137,"train_steps_per_second":0.176,"train/learning_rate":0,"total_flos":0,"_runtime":828,"_step":102,"train/grad_norm":0.1606360226869583,"_timestamp":1.752826241081443e+09,"train_runtime":569.7274,"train/epoch":1.9801980198019802,"train_samples_per_second":2.833}