{"train_loss":0.019348670696390086,"_step":31,"train/grad_norm":0.10890264809131622,"train_samples_per_second":1.511,"train/epoch":0.9914529914529915,"_wandb":{"runtime":570},"train/learning_rate":0,"total_flos":0,"train_steps_per_second":0.094,"train_runtime":309.8287,"train/loss":0.0146,"_runtime":570,"train/forget_Q_A_ROUGE":0.6360398860398859,"train/global_step":29,"_timestamp":1.7519756971068797e+09}