{"train/global_step":315,"_step":317,"_wandb":{"runtime":1086},"train/learning_rate":0,"train/loss":2.6447,"train/grad_norm":1.7303926944732666,"_runtime":1086,"train_samples_per_second":48.746,"_timestamp":1.7518998154558828e+09,"train/epoch":4.926686217008798,"train/forget_Q_A_ROUGE":0.10714285714285714,"train_loss":2.869496225932288,"train_steps_per_second":0.376,"train_runtime":838.741,"total_flos":4.054313870032896e+15}