{"_runtime":775,"total_flos":0,"train_runtime":547.9561,"_step":92,"_wandb":{"runtime":775},"_timestamp":1.752546379186044e+09,"train_loss":-0.5386846045239104,"train_samples_per_second":2.672,"train/global_step":90,"train/learning_rate":0,"train_steps_per_second":0.164,"train/loss":-0.6316,"train/epoch":1.9672131147540983,"train/grad_norm":9.002155303955078,"train/forget_Q_A_ROUGE":0.1812386156648452}