{"train/grad_norm":2.952475070953369,"_wandb":{"runtime":1799},"train/global_step":315,"train/forget_Q_A_ROUGE":0.151183970856102,"total_flos":4.054313870032896e+15,"_timestamp":1.7525340098942935e+09,"train/epoch":4.926686217008798,"train_runtime":1666.3328,"train_steps_per_second":0.189,"_runtime":1799,"train_samples_per_second":24.536,"_step":317,"train/learning_rate":0,"train/loss":2.1417,"train_loss":2.5900479816255118}