{"train_loss":-0.4531720549710197,"_wandb":{"runtime":1214},"train/epoch":2,"train_steps_per_second":0.169,"_timestamp":1.7528136411400619e+09,"train_runtime":863.853,"_step":148,"_runtime":1214,"train/loss":-0.4066,"train/grad_norm":9.237774848937988,"train/learning_rate":0,"train_samples_per_second":2.697,"train/forget_Q_A_ROUGE":0.20586552217453502,"total_flos":0,"train/global_step":146}