{"_runtime":1194,"_step":85,"train_steps_per_second":0.117,"train/epoch":0.9903057419835943,"train_runtime":711.1338,"_wandb":{"runtime":1194},"train/global_step":83,"train_samples_per_second":15.082,"train/loss":1.9518,"train/learning_rate":0,"train/forget_Q_A_ROUGE":0.1433146766169154,"train/grad_norm":1.0771759748458862,"train_loss":2.46172452547464,"total_flos":8.289865467887616e+15,"_timestamp":1.751631695626067e+09}