{"_timestamp":1.752816154523291e+09,"train/forget_Q_A_ROUGE":0.1888412017167382,"train/epoch":2,"train/learning_rate":0,"_runtime":1174,"train_loss":0.01695347798682035,"train/loss":0.0139,"_wandb":{"runtime":1174},"train/global_step":146,"_step":148,"total_flos":0,"train_samples_per_second":2.838,"train/grad_norm":0.34352949261665344,"train_runtime":820.968,"train_steps_per_second":0.178}