{"train/learning_rate":0,"_step":102,"train/grad_norm":0.7852351069450378,"train_samples_per_second":2.338,"train/loss":0.004,"train/global_step":100,"train/epoch":1.9801980198019802,"_timestamp":1.7528202792754583e+09,"_runtime":994,"train_runtime":690.2888,"train_loss":0.013627317786813364,"train_steps_per_second":0.145,"train/forget_Q_A_ROUGE":0.9969021065675341,"total_flos":0,"_wandb":{"runtime":994}}