{"train_steps_per_second":0.144,"train_runtime":622.9261,"train/forget_Q_A_ROUGE":0.9549180327868853,"train_loss":-0.028395297051045217,"_runtime":895,"train/grad_norm":1.4588916301727295,"train_samples_per_second":2.35,"_step":92,"train/loss":-0.028,"_wandb":{"runtime":895},"total_flos":0,"train/epoch":1.9672131147540983,"train/learning_rate":0,"_timestamp":1.7525311220539236e+09,"train/global_step":90}