{"train/loss":-0.72,"total_flos":0,"_step":92,"train_samples_per_second":2.745,"train_steps_per_second":0.169,"train/global_step":90,"_timestamp":1.7525346313874624e+09,"train/epoch":1.9672131147540983,"train/learning_rate":0,"train_runtime":533.2901,"train/forget_Q_A_ROUGE":0.633424408014572,"_wandb":{"runtime":811},"train_loss":-0.19325536949973968,"train/grad_norm":13.276844024658203,"_runtime":811}