{"train/grad_norm":0.11436288803815842,"train/epoch":1,"_wandb":{"runtime":848},"train/global_step":49,"_step":51,"train_samples_per_second":1.575,"train_loss":0.019488587671396683,"train_steps_per_second":0.098,"_timestamp":1.7519722713431756e+09,"train/learning_rate":0,"train_runtime":497.6333,"train/forget_Q_A_ROUGE":0.1211734693877551,"train/loss":0.013,"_runtime":848,"total_flos":0}