{"_runtime":581,"total_flos":0,"train/epoch":0.9914529914529915,"train/grad_norm":11.037627220153809,"train/forget_Q_A_ROUGE":0.6164529914529915,"_step":31,"train_runtime":331.4114,"train_steps_per_second":0.088,"train_samples_per_second":1.412,"train/learning_rate":0,"train_loss":15.566675350583832,"_timestamp":1.751974859837093e+09,"train/global_step":29,"_wandb":{"runtime":581},"train/loss":15.4183}