{"train/learning_rate":0,"train/forget_Q_A_ROUGE":0.005163155720776538,"train_loss":-5.772971860170364,"_wandb":{"runtime":463},"train/grad_norm":84.09770202636719,"_runtime":463,"_timestamp":1.7527577852919843e+09,"train_runtime":313.3797,"_step":102,"train_samples_per_second":5.15,"train_steps_per_second":0.319,"total_flos":0,"train/global_step":100,"train/epoch":1.9801980198019802,"train/loss":-17.5587}