{"train_samples_per_second":1.671,"train_loss":0.8578404424519375,"train/grad_norm":4.093101978302002,"train/learning_rate":0,"train/global_step":29,"_timestamp":1.7521024886031334e+09,"train/epoch":0.9914529914529915,"train/forget_Q_A_ROUGE":0.5042735042735043,"total_flos":0,"_runtime":498,"train_runtime":280.0866,"_wandb":{"runtime":498},"train_steps_per_second":0.104,"train/loss":0.921,"_step":31}