{"_runtime":1813,"_timestamp":1.752811224241527e+09,"train/grad_norm":0.23014703392982483,"train_runtime":1384.059,"train_loss":0.010279599991818406,"_wandb":{"runtime":1813},"train/global_step":146,"_step":148,"train/epoch":2,"train/learning_rate":0,"total_flos":0,"train_samples_per_second":1.683,"train/forget_Q_A_ROUGE":0.9311874105865522,"train/loss":0.0087,"train_steps_per_second":0.105}