{"train/grad_norm":0.29901233315467834,"_step":42,"_wandb":{"runtime":213},"train/forget_Q_A_ROUGE":0.1687631027253669,"total_flos":0,"_runtime":213,"train/global_step":40,"train_steps_per_second":0.273,"_timestamp":1.752621698174522e+09,"train/learning_rate":0,"train/loss":0.0128,"train_runtime":146.7733,"train_samples_per_second":4.333,"train/epoch":2,"train_loss":0.01477520796470344}