{"train/loss":-5.7208,"train_steps_per_second":0.327,"total_flos":0,"train_samples_per_second":5.323,"_wandb":{"runtime":405},"train/forget_Q_A_ROUGE":0.05737704918032787,"train_runtime":275.0446,"_runtime":405,"train/epoch":1.9672131147540983,"train/global_step":90,"train/grad_norm":30.579225540161133,"_step":92,"_timestamp":1.7525433444515092e+09,"train/learning_rate":0,"train_loss":-3.316512824429406}