{"train/epoch":1.9672131147540983,"train/loss":13.037,"_wandb":{"runtime":800},"train/forget_Q_A_ROUGE":0.1320582877959927,"_runtime":800,"_timestamp":1.752547220580413e+09,"_step":92,"train_runtime":574.0359,"train_samples_per_second":2.55,"train_steps_per_second":0.157,"train/learning_rate":0,"train/grad_norm":27.10178565979004,"train_loss":14.365032185448541,"train/global_step":90,"total_flos":0}