{"train/epoch":0.9914529914529915,"train/loss":15.1154,"train/forget_Q_A_ROUGE":0.48967236467236464,"_wandb":{"runtime":707},"_step":31,"_runtime":707,"train_samples_per_second":1.189,"train/learning_rate":0,"train/grad_norm":10.072998046875,"_timestamp":1.7520609000288548e+09,"train_steps_per_second":0.074,"total_flos":0,"train/global_step":29,"train_runtime":393.6312,"train_loss":15.523765827047415}