{"train/forget_Q_A_ROUGE":0.08265027322404371,"_wandb":{"runtime":2362},"_timestamp":1.7522786609085174e+09,"train/learning_rate":0,"train/loss":2.3876,"train/epoch":1.970674486803519,"train_runtime":1941.2602,"train/global_step":126,"total_flos":1.2488828377055232e+16,"train_steps_per_second":0.065,"train/grad_norm":3.0891716480255127,"train_samples_per_second":8.424,"_runtime":2362,"train_loss":2.827666814365084,"_step":128}