{"train/loss":15.856,"_runtime":283,"train/learning_rate":0,"_wandb":{"runtime":283},"total_flos":0,"train_loss":16.204471588134766,"train/global_step":29,"train/forget_Q_A_ROUGE":0.3094729344729345,"train_steps_per_second":0.176,"train_runtime":165.1833,"train/grad_norm":23.6007022857666,"train_samples_per_second":2.833,"_step":31,"_timestamp":1.75197741790821e+09,"train/epoch":0.9914529914529915}