{"train/grad_norm":0.22922298312187195,"train_steps_per_second":0.147,"train/forget_Q_A_ROUGE":0.6114942528735632,"_step":20,"_wandb":{"runtime":188},"train/loss":0.0172,"_timestamp":1.752624791007303e+09,"train/global_step":18,"total_flos":0,"_runtime":188,"train_samples_per_second":2.365,"train_runtime":122.6261,"train/epoch":1.945945945945946,"train_loss":0.019512681600948174,"train/learning_rate":0}