{"_timestamp":1.752524626958431e+09,"_step":0,"_wandb":{"runtime":287},"_runtime":287,"train/forget_Q_A_ROUGE":0.9685792349726776,"train/epoch":0,"train/global_step":0}