{"_runtime":514,"train_runtime":361.4014,"train_steps_per_second":0.277,"train/epoch":1.9801980198019802,"train_loss":0.011929022585973144,"_wandb":{"runtime":514},"train/global_step":100,"train/grad_norm":0.2728915512561798,"train/learning_rate":0,"_timestamp":1.752759473830841e+09,"_step":102,"train/forget_Q_A_ROUGE":0.330545229244114,"train/loss":0.0108,"train_samples_per_second":4.466,"total_flos":0}