{"train_runtime":1871.4505,"train_loss":1.7590325815337045,"train/grad_norm":2.5803382396698,"train_steps_per_second":0.067,"total_flos":1.2558237229596672e+16,"train_samples_per_second":8.739,"_runtime":2272,"train/epoch":1.970674486803519,"train/global_step":126,"_wandb":{"runtime":2272},"_timestamp":1.7524144527066612e+09,"_step":128,"train/loss":1.2243,"train/forget_Q_A_ROUGE":0.33674863387978143,"train/learning_rate":0}