{"train_steps_per_second":0.271,"train/forget_Q_A_ROUGE":0.07399817850637523,"train_loss":14.94027336968316,"train_samples_per_second":4.41,"_timestamp":1.7525443402628036e+09,"total_flos":0,"train/global_step":90,"train/loss":12.7811,"train/learning_rate":0,"train_runtime":332.0059,"train/grad_norm":44.350582122802734,"_step":92,"train/epoch":1.9672131147540983,"_wandb":{"runtime":467},"_runtime":467}