{"_timestamp":1.7516280539928489e+09,"train_steps_per_second":0.117,"train/epoch":0.9903057419835943,"train/grad_norm":1.2351453304290771,"train/forget_Q_A_ROUGE":0.09224191542288557,"train/global_step":83,"train/learning_rate":0,"_wandb":{"runtime":1190},"train_loss":3.2563629667442964,"train/loss":2.278,"_step":85,"train_runtime":710.7042,"_runtime":1190,"train_samples_per_second":15.091,"total_flos":8.289865467887616e+15}