{"train/epoch":1,"train_steps_per_second":0.03,"_wandb":{"runtime":2108},"train/global_step":49,"train/loss":14.9372,"_timestamp":1.7520580968146627e+09,"train_samples_per_second":0.486,"train/grad_norm":13.1055269241333,"train/learning_rate":0,"_runtime":2108,"_step":51,"train_loss":15.566906325671138,"total_flos":0,"train_runtime":1614.5753,"train/forget_Q_A_ROUGE":0.09651360544217688}