{"train/learning_rate":0,"_runtime":1200,"train_samples_per_second":14.947,"train/forget_Q_A_ROUGE":0.09224191542288557,"total_flos":8.289865467887616e+15,"train/epoch":0.9903057419835943,"train/loss":2.278,"train/grad_norm":1.2351453304290771,"_wandb":{"runtime":1200},"_step":85,"train/global_step":83,"train_loss":3.2563629667442964,"train_runtime":717.5307,"train_steps_per_second":0.116,"_timestamp":1.7516268368103898e+09}