{"train/forget_Q_A_ROUGE":0.9620689655172414,"train_loss":0.012799302529957559,"_wandb":{"runtime":308},"_timestamp":1.7526236418483536e+09,"train_samples_per_second":1.334,"train/global_step":18,"train_steps_per_second":0.083,"train/grad_norm":0.2503286600112915,"_step":20,"train/loss":0.012,"train_runtime":217.3222,"_runtime":308,"train/learning_rate":0,"total_flos":0,"train/epoch":1.945945945945946}