{"train/global_step":45,"train/grad_norm":5.235995769500732,"_runtime":974,"train_samples_per_second":1.318,"_wandb":{"runtime":974},"train/forget_Q_A_ROUGE":0.2244990892531876,"_timestamp":1.7525157849450219e+09,"train/loss":-1.5508,"train_runtime":555.3983,"train_steps_per_second":0.081,"train_loss":-1.436893281671736,"total_flos":0,"train/learning_rate":0,"train/epoch":0.9836065573770492,"_step":47}