{"train/forget_Q_A_ROUGE":0.7553696819496076,"train/global_step":100,"_timestamp":1.7528244340959926e+09,"train/epoch":1.9801980198019802,"train_samples_per_second":2.651,"train/grad_norm":6.628848075866699,"train_loss":0.9320270334929228,"_runtime":868,"_wandb":{"runtime":868},"total_flos":0,"train/loss":0.7566,"train/learning_rate":0,"train_steps_per_second":0.164,"train_runtime":608.7601,"_step":102}