{"train_steps_per_second":0.109,"train_runtime":2885.3693,"train/global_step":315,"train/epoch":4.926686217008798,"_timestamp":1.7525321787101645e+09,"train_samples_per_second":14.17,"_wandb":{"runtime":3116},"train/forget_Q_A_ROUGE":0.21880692167577417,"_runtime":3116,"total_flos":1.1737685054717952e+16,"_step":317,"train/loss":1.5621,"train_loss":2.042912529006837,"train/grad_norm":2.3940517902374268,"train/learning_rate":0}