{"_runtime":792,"train/global_step":100,"train_runtime":535.0922,"train_steps_per_second":0.187,"train/learning_rate":0,"train_samples_per_second":3.016,"_wandb":{"runtime":792},"total_flos":0,"train/epoch":1.9801980198019802,"train/forget_Q_A_ROUGE":0,"train/loss":-27.4661,"_timestamp":1.7527231304653249e+09,"train_loss":-6.905069711953401,"train/grad_norm":126.56868743896484,"_step":102}