{"train_steps_per_second":0.081,"train_runtime":606.6596,"train/global_step":49,"train/learning_rate":0,"train/forget_Q_A_ROUGE":0.10352891156462583,"train/epoch":1,"train/loss":-1.3182,"train_loss":-0.33712666983507117,"_timestamp":1.751969614538473e+09,"train/grad_norm":10.386662483215332,"_runtime":1095,"_wandb":{"runtime":1095},"_step":51,"total_flos":0,"train_samples_per_second":1.292}