{"_wandb":{"runtime":282},"_step":56,"train/learning_rate":0,"train/forget_Q_A_ROUGE":0.35440394836750183,"train_runtime":193.4812,"_runtime":282,"_timestamp":1.7525492529359217e+09,"train/loss":0.0112,"train/grad_norm":0.22557948529720306,"train_steps_per_second":0.279,"train/epoch":1.9636363636363636,"train_loss":0.012688834444378261,"train/global_step":54,"train_samples_per_second":4.538,"total_flos":0}