{"_wandb":{"runtime":411},"_runtime":411,"train/forget_Q_A_ROUGE":0.07581967213114754,"train/epoch":0,"train/global_step":0,"_timestamp":1.7522758256827893e+09,"_step":0}