{"train/loss":6.9514,"train_loss":11.49793987731411,"train/learning_rate":0,"train_steps_per_second":0.135,"train/epoch":2,"_runtime":1502,"train_runtime":1078.3415,"_step":148,"train/global_step":146,"_wandb":{"runtime":1502},"train_samples_per_second":2.161,"train/forget_Q_A_ROUGE":0.04721030042918455,"_timestamp":1.7527553257763069e+09,"train/grad_norm":25.52428436279297,"total_flos":0}