{"train_samples_per_second":8.806,"train/learning_rate":0,"_timestamp":1.7525274099325967e+09,"train/loss":1.8933,"total_flos":6.238097552572416e+15,"train/forget_Q_A_ROUGE":0.14344262295081966,"_wandb":{"runtime":1208},"_runtime":1208,"train/grad_norm":2.4794363975524902,"train/epoch":0.9853372434017595,"train_steps_per_second":0.068,"train_loss":2.4026454157299466,"_step":65,"train/global_step":63,"train_runtime":928.6011}