{"train/global_step":40,"train/learning_rate":0,"train/epoch":2,"train_steps_per_second":0.154,"train_runtime":259.0176,"train/loss":14.6425,"train_loss":14.99008092880249,"_runtime":369,"total_flos":0,"_timestamp":1.752622885597806e+09,"_step":42,"_wandb":{"runtime":369},"train/forget_Q_A_ROUGE":0.1949685534591195,"train_samples_per_second":2.455,"train/grad_norm":12.787467002868652}