{"train/learning_rate":0,"train_runtime":547.0591,"train_steps_per_second":0.165,"train/epoch":1.9672131147540983,"train_samples_per_second":2.676,"train_loss":-66.30416256631207,"train/forget_Q_A_ROUGE":0,"total_flos":0,"train/loss":-128.1795,"train/grad_norm":15.36052131652832,"_step":92,"_timestamp":1.7525287145269046e+09,"_runtime":832,"_wandb":{"runtime":832},"train/global_step":90}