{"_runtime":773,"_step":51,"_timestamp":1.7520973834156177e+09,"train/learning_rate":0,"train/grad_norm":4.434487342834473,"train/epoch":1,"train_loss":-2.6800817859416104,"train/forget_Q_A_ROUGE":0.09268707482993198,"train_samples_per_second":1.872,"train/loss":-2.9033,"train/global_step":49,"train_steps_per_second":0.117,"train_runtime":418.8152,"total_flos":0,"_wandb":{"runtime":773}}