{"train/forget_Q_A_ROUGE":0.01218504750103263,"_wandb":{"runtime":918},"total_flos":0,"_timestamp":1.7527250126116974e+09,"train/epoch":1.9801980198019802,"_runtime":918,"train/learning_rate":0,"_step":102,"train_steps_per_second":0.151,"train_loss":11.527784938812255,"train_samples_per_second":2.444,"train/global_step":100,"train/grad_norm":24.298240661621094,"train_runtime":660.4092,"train/loss":6.8516}