{"train_samples_per_second":3.698,"train/forget_Q_A_ROUGE":0.3229885057471264,"train_steps_per_second":0.23,"train/epoch":1.945945945945946,"total_flos":0,"_wandb":{"runtime":116},"_runtime":116,"train/loss":0.0142,"_step":20,"train_loss":0.01682691451989942,"train/global_step":18,"train/learning_rate":0,"train_runtime":78.4219,"train/grad_norm":0.41423362493515015,"_timestamp":1.7526238724159677e+09}