{"_timestamp":1.7528049661119041e+09,"train/grad_norm":0.3824062645435333,"train/learning_rate":0,"train_loss":0.0122090273677078,"_wandb":{"runtime":708},"train_steps_per_second":0.292,"train_runtime":500.4965,"_step":148,"train/forget_Q_A_ROUGE":0.1323319027181688,"train/epoch":2,"train_samples_per_second":4.655,"total_flos":0,"train/global_step":146,"train/loss":0.0108,"_runtime":708}