{"train/epoch":1.9801980198019802,"train/forget_Q_A_ROUGE":0.8177406030565881,"_timestamp":1.7527304611167831e+09,"total_flos":0,"train/loss":0.0108,"_step":102,"train/learning_rate":0,"train_samples_per_second":1.578,"train/grad_norm":0.3726937472820282,"_runtime":1336,"train/global_step":100,"_wandb":{"runtime":1336},"train_runtime":1023.1188,"train_loss":0.011973904599435627,"train_steps_per_second":0.098}