{"train_loss":-2.5628027412626477,"train/epoch":1.9672131147540983,"train/learning_rate":0,"train_steps_per_second":0.194,"_runtime":689,"train_runtime":465.1071,"_timestamp":1.7525455605644956e+09,"train/grad_norm":19.754690170288086,"train/forget_Q_A_ROUGE":0.08959471766848816,"total_flos":0,"train/global_step":90,"train/loss":-4.1887,"_wandb":{"runtime":689},"train_samples_per_second":3.148,"_step":92}