{"train/learning_rate":0,"_runtime":1299,"total_flos":0,"train_steps_per_second":0.155,"train_samples_per_second":2.474,"_wandb":{"runtime":1299},"_step":148,"train/epoch":2,"train/loss":8.093,"train/forget_Q_A_ROUGE":0.01917024320457797,"train_runtime":941.7666,"train/global_step":146,"train/grad_norm":50.571170806884766,"_timestamp":1.7527487237924337e+09,"train_loss":12.612885860547628}