{"_step":148,"train/grad_norm":13.153706550598145,"train_runtime":513.6231,"train_samples_per_second":4.536,"_wandb":{"runtime":724},"train_steps_per_second":0.284,"train/epoch":2,"_runtime":724,"total_flos":0,"train/learning_rate":0,"train/global_step":146,"train_loss":-0.21738928639368243,"_timestamp":1.752803430472002e+09,"train/forget_Q_A_ROUGE":0.1290414878397711,"train/loss":-0.3326}