{"train_loss":2.581007058658297,"_timestamp":1.7525374104604323e+09,"_step":317,"train/epoch":4.926686217008798,"train/global_step":315,"_runtime":1741,"train_runtime":1601.6957,"train/loss":2.1213,"train/learning_rate":0,"train_steps_per_second":0.197,"train/forget_Q_A_ROUGE":0.16962659380692166,"train_samples_per_second":25.526,"train/grad_norm":2.9336650371551514,"total_flos":4.054313870032896e+15,"_wandb":{"runtime":1741}}