{"train/loss":2.557,"train_samples_per_second":12.381,"train_steps_per_second":0.095,"train/grad_norm":4.188863754272461,"total_flos":6.250255464136704e+15,"train_loss":3.5676344954778276,"_runtime":1073,"train/learning_rate":0,"train/epoch":0.9853372434017595,"train/forget_Q_A_ROUGE":0.08401639344262295,"train/global_step":63,"_step":65,"train_runtime":660.4472,"_wandb":{"runtime":1073},"_timestamp":1.7522727979056532e+09}