{"_step":31,"train_steps_per_second":0.179,"_runtime":291,"train_runtime":161.738,"train/global_step":29,"train/forget_Q_A_ROUGE":0.3190883190883191,"total_flos":0,"train/learning_rate":0,"_timestamp":1.7519767236674154e+09,"train/grad_norm":7.192452907562256,"_wandb":{"runtime":291},"train_samples_per_second":2.894,"train_loss":-1.5830583079107876,"train/epoch":0.9914529914529915,"train/loss":-1.5355}