{"train/epoch":1.9672131147540983,"_timestamp":1.7525365664907773e+09,"train_samples_per_second":2.262,"train/grad_norm":27.566856384277344,"train/loss":12.7293,"train_runtime":647.2798,"_wandb":{"runtime":922},"_runtime":922,"train_loss":13.632864337497287,"total_flos":0,"_step":92,"train/learning_rate":0,"train/forget_Q_A_ROUGE":0.7625227686703098,"train_steps_per_second":0.139,"train/global_step":90}