{"train/forget_Q_A_ROUGE":0.7896551724137931,"train_runtime":131.5153,"train/grad_norm":5.382969856262207,"_timestamp":1.7526243299392734e+09,"train/learning_rate":0,"_step":20,"train_steps_per_second":0.137,"train_samples_per_second":2.205,"train/epoch":1.945945945945946,"train/loss":1.2697,"train_loss":0.9183372540606393,"_runtime":195,"total_flos":0,"train/global_step":18,"_wandb":{"runtime":195}}