{"_runtime":751,"total_flos":0,"train_samples_per_second":4.281,"_timestamp":1.7527421420092096e+09,"train/grad_norm":59.703548431396484,"train/global_step":146,"_wandb":{"runtime":751},"train/epoch":2,"_step":148,"train/loss":8.7703,"train/forget_Q_A_ROUGE":0.028898426323319026,"train_runtime":544.2466,"train_steps_per_second":0.268,"train_loss":13.477246049332292,"train/learning_rate":0}