{"train_steps_per_second":0.112,"train_runtime":437.2901,"train/epoch":1,"train/loss":0.0068,"_timestamp":1.75210091729672e+09,"train/grad_norm":0.11747909337282181,"train_samples_per_second":1.793,"train/learning_rate":0,"train_loss":0.010388899822624363,"_step":51,"train/global_step":49,"total_flos":0,"_wandb":{"runtime":794},"_runtime":794,"train/forget_Q_A_ROUGE":0.08397108843537414}