{"_wandb":{"runtime":495},"train_runtime":351.5944,"train_steps_per_second":0.154,"_timestamp":1.7525507753499143e+09,"train/forget_Q_A_ROUGE":0.1146545178435839,"train_samples_per_second":2.497,"_runtime":495,"train_loss":13.189033808531585,"train/learning_rate":0,"total_flos":0,"_step":56,"train/global_step":54,"train/epoch":1.9636363636363636,"train/grad_norm":16.99285888671875,"train/loss":10.407}