{"_runtime":2113,"train/loss":0.0153,"train_runtime":1750.1951,"_step":148,"train_samples_per_second":1.331,"train/global_step":146,"train_steps_per_second":0.083,"total_flos":0,"train/epoch":2,"train/learning_rate":0,"train_loss":0.016539378385123326,"_wandb":{"runtime":2113},"_timestamp":1.752750880966782e+09,"train/grad_norm":0.22528091073036194,"train/forget_Q_A_ROUGE":0.1686695278969957}