{"train/grad_norm":5.68875789642334,"train/loss":-1.2566,"train/learning_rate":0,"train/global_step":49,"train_runtime":242.7427,"total_flos":0,"train/forget_Q_A_ROUGE":0.0744047619047619,"train/epoch":1,"_timestamp":1.7519301818540926e+09,"_step":51,"_runtime":434,"train_loss":-0.4057896398768133,"train_steps_per_second":0.202,"train_samples_per_second":3.23,"_wandb":{"runtime":434}}