{"_timestamp":1.7528253713331027e+09,"train/loss":10.8466,"total_flos":0,"train_loss":14.300349407196045,"train_runtime":641.0059,"_step":102,"train_steps_per_second":0.156,"train/grad_norm":31.566598892211914,"train_samples_per_second":2.518,"train/learning_rate":0,"_runtime":896,"_wandb":{"runtime":896},"train/forget_Q_A_ROUGE":0.33725733168112354,"train/epoch":1.9801980198019802,"train/global_step":100}