{"train/learning_rate":0,"train/loss":0.0128,"train_steps_per_second":0.169,"_step":102,"_wandb":{"runtime":849},"train/grad_norm":0.20076462626457214,"train/global_step":100,"_runtime":849,"train/forget_Q_A_ROUGE":0.669041718298224,"total_flos":0,"train/epoch":1.9801980198019802,"train_runtime":592.1963,"_timestamp":1.7527259056754158e+09,"train_samples_per_second":2.725,"train_loss":0.01599841977469623}