{"train/learning_rate":0,"train/loss":-1.0649,"train_steps_per_second":0.157,"train_loss":-0.606785142980516,"train_runtime":254.3753,"_wandb":{"runtime":365},"_runtime":365,"train_samples_per_second":2.5,"_step":42,"train/epoch":2,"total_flos":0,"_timestamp":1.7526224799590018e+09,"train/forget_Q_A_ROUGE":0.20911949685534592,"train/global_step":40,"train/grad_norm":5.30613899230957}