{"total_flos":0,"_wandb":{"runtime":726},"train_loss":-0.39223020758530863,"train/grad_norm":24.429183959960938,"_runtime":726,"train_runtime":518.3172,"_timestamp":1.7527070539132288e+09,"train/epoch":2,"train/global_step":146,"_step":148,"train/loss":-1.2819,"train/learning_rate":0,"train_steps_per_second":0.282,"train_samples_per_second":4.495,"train/forget_Q_A_ROUGE":0.06824034334763948}