{"train_loss":0.016539378385123326,"train/grad_norm":0.22528091073036194,"_runtime":1202,"total_flos":0,"train/global_step":146,"_wandb":{"runtime":1202},"train/loss":0.0153,"_step":148,"train_runtime":838.9464,"train_steps_per_second":0.174,"train/epoch":2,"train/forget_Q_A_ROUGE":0.1686695278969957,"train_samples_per_second":2.777,"_timestamp":1.7527136458084812e+09,"train/learning_rate":0}