{"train/global_step":100,"train/grad_norm":24.298240661621094,"train/epoch":1.9801980198019802,"train/loss":6.8516,"train_loss":11.527784938812255,"_timestamp":1.752762227802717e+09,"total_flos":0,"_wandb":{"runtime":919},"train/forget_Q_A_ROUGE":0.01218504750103263,"_runtime":919,"train_samples_per_second":2.445,"train_steps_per_second":0.152,"train/learning_rate":0,"train_runtime":660.0252,"_step":102}