{"train/epoch":1.9636363636363636,"train_steps_per_second":0.275,"_step":56,"train_runtime":196.5591,"train_loss":0.7318428382277489,"_wandb":{"runtime":280},"train_samples_per_second":4.467,"train/loss":0.9899,"_timestamp":1.7525486077540994e+09,"total_flos":0,"_runtime":280,"train/learning_rate":0,"train/global_step":54,"train/forget_Q_A_ROUGE":0.32479119210326496,"train/grad_norm":17.2857608795166}