{"train/learning_rate":0,"train/loss":-0.0746,"train_runtime":861.1302,"train_samples_per_second":2.706,"_runtime":1297,"train/grad_norm":3.8360180854797363,"train/global_step":146,"train/epoch":2,"_wandb":{"runtime":1297},"_timestamp":1.752806347399484e+09,"train/forget_Q_A_ROUGE":0.9412017167381974,"_step":148,"total_flos":0,"train_loss":-0.05786498543512944,"train_steps_per_second":0.17}