{"train/learning_rate":0,"_runtime":1181,"train_steps_per_second":0.118,"train/loss":3.8574,"train/global_step":83,"train/forget_Q_A_ROUGE":0.10736940298507462,"_timestamp":1.7516292640924273e+09,"train_runtime":705.159,"train_samples_per_second":15.209,"total_flos":8.289865467887616e+15,"train/epoch":0.9903057419835943,"_wandb":{"runtime":1181},"train/grad_norm":1.831128478050232,"train_loss":4.316080777041884,"_step":85}