{"_timestamp":1.7520593595623171e+09,"_runtime":651,"train/grad_norm":3.1846671104431152,"_step":31,"train/global_step":29,"train_samples_per_second":1.347,"train/loss":-0.7485,"_wandb":{"runtime":651},"train_loss":-0.8764133967202286,"train_runtime":347.4727,"train/forget_Q_A_ROUGE":0.4918091168091169,"train_steps_per_second":0.083,"total_flos":0,"train/epoch":0.9914529914529915,"train/learning_rate":0}