{"train/loss":-3.2477,"_runtime":1033,"train/learning_rate":0,"train/forget_Q_A_ROUGE":0.09289965986394558,"train/global_step":49,"train_samples_per_second":1.4,"train/grad_norm":9.031951904296875,"_timestamp":1.7519684684108248e+09,"_wandb":{"runtime":1033},"_step":51,"train_steps_per_second":0.087,"train/epoch":1,"train_runtime":560.1501,"total_flos":0,"train_loss":-2.752820219312395}