{"total_flos":0,"_runtime":390,"train/learning_rate":0,"train_runtime":246.8404,"_wandb":{"runtime":390},"train/epoch":2,"train/global_step":40,"train/grad_norm":2.950969696044922,"_timestamp":1.7526208582329218e+09,"_step":42,"train_steps_per_second":0.162,"train/loss":-0.1199,"train_loss":-0.07666030512191355,"train/forget_Q_A_ROUGE":0.9051362683438154,"train_samples_per_second":2.577}