{"_wandb":{"runtime":315},"train/epoch":0.03418803418803419,"train/global_step":1,"_runtime":315,"train/grad_norm":0.2197495996952057,"_step":1,"train/loss":0.0128,"train/learning_rate":3.4482758620689656e-07,"train/forget_Q_A_ROUGE":0.5249287749287749,"_timestamp":1.752061271959006e+09}