{"_wandb":{"runtime":291},"_runtime":291,"train/forget_Q_A_ROUGE":0.9685792349726776,"train/epoch":0,"train/global_step":0,"_timestamp":1.75252528835842e+09,"_step":0}