{"_wandb":{"runtime":622},"train/forget_Q_A_ROUGE":0.8361807137433561,"train_loss":0.5635991609758801,"train/global_step":27,"_step":29,"train_steps_per_second":0.072,"train/epoch":0.9818181818181818,"train_runtime":372.7995,"_runtime":622,"train_samples_per_second":1.178,"train/loss":0.3987,"total_flos":0,"train/learning_rate":0,"_timestamp":1.752455889214067e+09,"train/grad_norm":6.233038425445557}