{"train_steps_per_second":0.267,"total_flos":0,"train/loss":8.7703,"train/learning_rate":0,"_runtime":756,"_timestamp":1.7527078494115841e+09,"train_samples_per_second":4.257,"train_loss":13.477246049332292,"train/epoch":2,"_step":148,"train/global_step":146,"train_runtime":547.3539,"_wandb":{"runtime":756},"train/forget_Q_A_ROUGE":0.028898426323319026,"train/grad_norm":59.703548431396484}