{"train_steps_per_second":0.256,"train_samples_per_second":4.067,"train_runtime":156.3898,"train/forget_Q_A_ROUGE":0.14465408805031446,"train/global_step":40,"_step":42,"_timestamp":1.7526214484586475e+09,"train_loss":15.642574143409728,"_runtime":221,"total_flos":0,"train/learning_rate":0,"train/grad_norm":21.572786331176758,"_wandb":{"runtime":221},"train/loss":14.894,"train/epoch":2}