{"train/epoch":1,"train/loss":0.0105,"train/learning_rate":0,"train/forget_Q_A_ROUGE":0.08290816326530612,"_wandb":{"runtime":528},"_timestamp":1.751931576462398e+09,"train_steps_per_second":0.169,"total_flos":0,"train_runtime":289.2136,"train_loss":0.01419814752072704,"_runtime":528,"_step":51,"train/global_step":49,"train/grad_norm":0.11887203902006149,"train_samples_per_second":2.711}