{"_wandb":{"runtime":961},"train_steps_per_second":0.081,"_runtime":961,"train_runtime":556.4382,"train/forget_Q_A_ROUGE":0,"train/loss":-160.0329,"train/grad_norm":31.5978946685791,"train_samples_per_second":1.316,"_step":47,"train_loss":-47.92837884955936,"train/epoch":0.9836065573770492,"train/global_step":45,"train/learning_rate":0,"_timestamp":1.752499004017095e+09,"total_flos":0}