{"train/global_step":146,"train/epoch":2,"_wandb":{"runtime":657},"train/learning_rate":0,"_step":148,"train/loss":-37.419,"_runtime":657,"train_samples_per_second":5.182,"train_steps_per_second":0.325,"train/grad_norm":191.92593383789062,"train/forget_Q_A_ROUGE":0.006437768240343348,"_timestamp":1.752706288399454e+09,"train_runtime":449.614,"train_loss":-10.741153506383505,"total_flos":0}