{"train_runtime":1023.4901,"train_samples_per_second":2.277,"_runtime":1450,"train_loss":-0.20748638078149356,"train/loss":-0.0477,"train/global_step":146,"train/forget_Q_A_ROUGE":0.4543633762517883,"train/epoch":2,"train_steps_per_second":0.143,"total_flos":0,"_step":148,"_wandb":{"runtime":1450},"_timestamp":1.7527165534885416e+09,"train/learning_rate":0,"train/grad_norm":46.972740173339844}