{"train/epoch":2,"total_flos":0,"_runtime":346,"_wandb":{"runtime":346},"_timestamp":1.7526232681038914e+09,"_step":42,"train_runtime":236.4332,"train/global_step":40,"train/forget_Q_A_ROUGE":0.19968553459119498,"train/grad_norm":0.39192524552345276,"train_samples_per_second":2.69,"train/learning_rate":0,"train/loss":0.0166,"train_steps_per_second":0.169,"train_loss":0.018834156077355148}