{"train/grad_norm":0.806876003742218,"_runtime":1199,"_timestamp":1.751636559904251e+09,"_wandb":{"runtime":1199},"train_samples_per_second":14.958,"train_loss":2.235505188804075,"train/loss":1.9137,"train/forget_Q_A_ROUGE":0.19062500000000002,"_step":85,"train_steps_per_second":0.116,"train/global_step":83,"train/epoch":0.9903057419835943,"train/learning_rate":0,"train_runtime":717.0089,"total_flos":8.289865467887616e+15}