{"train_samples_per_second":1.699,"_wandb":{"runtime":820},"train/loss":-1.5474,"train/forget_Q_A_ROUGE":0.09183673469387756,"_runtime":820,"train_runtime":461.4222,"total_flos":0,"train/learning_rate":0,"_timestamp":1.7520985609096859e+09,"train/grad_norm":5.794969081878662,"train_steps_per_second":0.106,"train/epoch":1,"_step":51,"train_loss":-0.882333118696602,"train/global_step":49}