{"total_flos":0,"_step":42,"train/forget_Q_A_ROUGE":0.9051362683438157,"_runtime":442,"train/learning_rate":0,"train/loss":13.593,"train_runtime":298.6101,"_wandb":{"runtime":442},"train_samples_per_second":2.13,"_timestamp":1.7526218239540484e+09,"train_steps_per_second":0.134,"train_loss":13.795366740226745,"train/epoch":2,"train/grad_norm":8.39132022857666,"train/global_step":40}