{"_runtime":535,"total_flos":0,"_wandb":{"runtime":535},"train_steps_per_second":0.1,"train/forget_Q_A_ROUGE":0.6047008547008547,"train/learning_rate":0,"train_runtime":289.6243,"train/global_step":29,"train/epoch":0.9914529914529915,"train_samples_per_second":1.616,"_step":31,"train/loss":-0.6178,"_timestamp":1.7519732020015097e+09,"train_loss":-0.790556827495838,"train/grad_norm":3.437333822250366}