{"train/learning_rate":0,"train/epoch":0.9853372434017595,"train_samples_per_second":10.477,"train/forget_Q_A_ROUGE":0.08401639344262295,"_timestamp":1.7522747729943473e+09,"train_runtime":780.4781,"train_steps_per_second":0.081,"total_flos":6.250255464136704e+15,"_step":65,"train_loss":3.5676344954778276,"train/global_step":63,"train/grad_norm":4.188863754272461,"train/loss":2.557,"_wandb":{"runtime":1199},"_runtime":1199}