{"train/forget_Q_A_ROUGE":0.042957455596860795,"train/grad_norm":31.51933479309082,"train_steps_per_second":0.158,"train/learning_rate":0,"train/loss":-3.2753,"train_runtime":631.1424,"train_samples_per_second":2.557,"_runtime":891,"_wandb":{"runtime":891},"train_loss":-0.12970750831067562,"_step":102,"train/epoch":1.9801980198019802,"total_flos":0,"train/global_step":100,"_timestamp":1.7527612654854944e+09}