{"_wandb":{"runtime":434},"train/epoch":1.9636363636363636,"train_steps_per_second":0.189,"_runtime":434,"train/grad_norm":14.00361156463623,"train_runtime":285.777,"train/learning_rate":0,"_timestamp":1.7525497273521547e+09,"_step":56,"total_flos":0,"train_loss":-1.5634213161689263,"train/forget_Q_A_ROUGE":0.08731966590736522,"train/global_step":54,"train/loss":-3.621,"train_samples_per_second":3.072}