{"train_steps_per_second":0.164,"_timestamp":1.751977089284207e+09,"train_samples_per_second":2.642,"train/epoch":0.9914529914529915,"_wandb":{"runtime":321},"train_runtime":177.1411,"train_loss":0.8190857243948969,"_step":31,"_runtime":321,"train/grad_norm":9.061467170715332,"train/forget_Q_A_ROUGE":0.3190883190883191,"train/loss":0.5666,"total_flos":0,"train/global_step":29,"train/learning_rate":0}