{"_step":0,"train/forget_Q_A_ROUGE":0.325591985428051,"train/epoch":0,"train/global_step":0,"_timestamp":1.7524448989995456e+09,"_wandb":{"runtime":403},"_runtime":403}