{"total_flos":0,"train_runtime":305.2078,"train_loss":-1.4416647481918334,"_runtime":455,"_timestamp":1.752816650620035e+09,"train/forget_Q_A_ROUGE":0.20074349442379183,"train_samples_per_second":5.288,"train/epoch":1.9801980198019802,"_wandb":{"runtime":455},"train_steps_per_second":0.328,"train/global_step":100,"train/learning_rate":0,"train/grad_norm":12.319637298583984,"train/loss":-2.4157,"_step":102}