{"_timestamp":1.7527205955790575e+09,"train/forget_Q_A_ROUGE":0.005163155720776538,"_runtime":468,"train/learning_rate":0,"train_loss":-5.772971860170364,"train/epoch":1.9801980198019802,"train/loss":-17.5587,"train/global_step":100,"_step":102,"total_flos":0,"train_steps_per_second":0.316,"train_samples_per_second":5.095,"train/grad_norm":84.09770202636719,"train_runtime":316.803,"_wandb":{"runtime":468}}