{"_step":317,"_wandb":{"runtime":1875},"train_runtime":1433.8165,"_runtime":1875,"total_flos":1.1737685054717952e+16,"train/grad_norm":1.327371597290039,"_timestamp":1.7518987052091768e+09,"train/learning_rate":0,"train/forget_Q_A_ROUGE":0.1407312925170068,"train/loss":2.0815,"train_samples_per_second":28.515,"train_steps_per_second":0.22,"train/global_step":315,"train_loss":2.3559577105537293,"train/epoch":4.926686217008798}