{"_step":20,"_runtime":120,"train_loss":0.8118789626492394,"train/global_step":18,"total_flos":0,"train/loss":1.3208,"train/learning_rate":0,"train/epoch":1.945945945945946,"train_runtime":80.6524,"_wandb":{"runtime":120},"_timestamp":1.7526235660587468e+09,"train/grad_norm":7.269153118133545,"train/forget_Q_A_ROUGE":0.4103448275862069,"train_samples_per_second":3.596,"train_steps_per_second":0.223}