{"train/global_step":45,"_wandb":{"runtime":817},"train_samples_per_second":1.07,"train_steps_per_second":0.066,"_runtime":817,"train/loss":-1.5508,"_timestamp":1.7525000156447704e+09,"_step":46,"train_loss":-1.436893281671736,"train/epoch":0.9836065573770492,"total_flos":0,"train/grad_norm":5.235995769500732,"train/learning_rate":0,"train_runtime":683.9271,"train/forget_Q_A_ROUGE":0.325591985428051}