{"_step":317,"total_flos":3.139654926414643e+16,"_wandb":{"runtime":4500},"train/forget_Q_A_ROUGE":0.976775956284153,"train/grad_norm":1.508779525756836,"_timestamp":1.7524423856260939e+09,"train_steps_per_second":0.077,"train/global_step":315,"_runtime":4500,"train/epoch":4.926686217008798,"train/learning_rate":0,"train_runtime":4101.3029,"train_loss":0.9015037918138126,"train/loss":0.1006,"train_samples_per_second":9.969}