{"train/learning_rate":0,"train_samples_per_second":2.749,"total_flos":0,"train/grad_norm":0.20076462626457214,"train_loss":0.01599841977469623,"train/global_step":100,"train_steps_per_second":0.17,"train/loss":0.0128,"train/epoch":1.9801980198019802,"train_runtime":587.1058,"train/forget_Q_A_ROUGE":0.7841800908715407,"_step":101,"_runtime":603,"_wandb":{"runtime":603},"_timestamp":1.7527628551379921e+09}