{"train_samples_per_second":2.273,"_timestamp":1.7525389545132475e+09,"train/forget_Q_A_ROUGE":0.9977220956719818,"train_steps_per_second":0.14,"train/learning_rate":0,"train/loss":-0.0013,"train/global_step":54,"_runtime":570,"train_runtime":386.3396,"_step":56,"train_loss":0.009077098324067064,"total_flos":0,"train/epoch":1.9636363636363636,"_wandb":{"runtime":570},"train/grad_norm":0.21405427157878876}