{"total_flos":0,"train/learning_rate":0,"_runtime":556,"_step":46,"train_runtime":557.0986,"train_steps_per_second":0.081,"train_loss":-1.436893281671736,"_wandb":{"runtime":556},"train/global_step":45,"_timestamp":1.7525090071459544e+09,"train/epoch":0.9836065573770492,"train/forget_Q_A_ROUGE":0.325591985428051,"train_samples_per_second":1.314,"train/loss":-1.5508,"train/grad_norm":5.235995769500732}