{"total_flos":0,"_timestamp":1.752743131540949e+09,"train_loss":0.012535804047006858,"_runtime":858,"train_samples_per_second":3.797,"train/epoch":2,"_step":148,"train_runtime":613.6163,"train/grad_norm":0.29142501950263977,"train/loss":0.0124,"_wandb":{"runtime":858},"train/learning_rate":0,"train/forget_Q_A_ROUGE":0.11745350500715306,"train_steps_per_second":0.238,"train/global_step":146}