{"train_loss":16.561547882702886,"train_samples_per_second":3.049,"_runtime":445,"_step":51,"_timestamp":1.7519308349292417e+09,"total_flos":0,"train_steps_per_second":0.191,"train/learning_rate":0,"train/forget_Q_A_ROUGE":0.07100340136054421,"train/global_step":49,"train_runtime":257.1667,"train/loss":15.8836,"_wandb":{"runtime":445},"train/epoch":1,"train/grad_norm":14.128280639648438}