{"total_flos":0,"train/forget_Q_A_ROUGE":0.5042735042735043,"_step":31,"_runtime":720,"train/epoch":0.9914529914529915,"train_runtime":393.8538,"train/global_step":29,"_wandb":{"runtime":720},"train_samples_per_second":1.188,"_timestamp":1.7520601370226376e+09,"train/loss":0.921,"train_steps_per_second":0.074,"train_loss":0.8578404424519375,"train/learning_rate":0,"train/grad_norm":4.093101978302002}