{"train/forget_Q_A_ROUGE":0.2244990892531876,"_step":47,"_timestamp":1.752446251479737e+09,"train_runtime":544.1952,"train/learning_rate":0,"train_loss":-1.436893281671736,"train/grad_norm":5.235995769500732,"train_steps_per_second":0.083,"train/global_step":45,"train/loss":-1.5508,"train_samples_per_second":1.345,"train/epoch":0.9836065573770492,"_wandb":{"runtime":952},"total_flos":0,"_runtime":952}