{"_timestamp":1.7525383365190485e+09,"train/learning_rate":0,"train/loss":-3.5423,"train_runtime":323.1742,"train/grad_norm":16.03675079345703,"train_samples_per_second":2.717,"_step":56,"train_steps_per_second":0.167,"train/global_step":54,"train/epoch":1.9636363636363636,"_runtime":508,"train/forget_Q_A_ROUGE":0.19134396355353075,"train_loss":-0.7377046943486979,"_wandb":{"runtime":508},"total_flos":0}