{"train_steps_per_second":0.185,"train/learning_rate":0,"train/forget_Q_A_ROUGE":0.18238993710691823,"train_loss":-1.9531827777624131,"_wandb":{"runtime":326},"_step":42,"train/grad_norm":4.448984622955322,"train/epoch":2,"total_flos":0,"_runtime":326,"_timestamp":1.7526220610139368e+09,"train/global_step":40,"train_runtime":216.1384,"train_samples_per_second":2.943,"train/loss":-2.3646}