{"train_loss":15.13670047124227,"_runtime":194,"train_runtime":129.4419,"_wandb":{"runtime":194},"_timestamp":1.7526245623608224e+09,"train/loss":15.088,"train/grad_norm":10.352693557739258,"train/forget_Q_A_ROUGE":0.7862068965517242,"_step":20,"train/global_step":18,"train_steps_per_second":0.139,"total_flos":0,"train_samples_per_second":2.24,"train/epoch":1.945945945945946,"train/learning_rate":0}