{"train/learning_rate":0,"train_runtime":901.3569,"_runtime":1258,"train/loss":13.4959,"train/forget_Q_A_ROUGE":0.1871244635193133,"train/global_step":146,"_timestamp":1.752814938831116e+09,"train/epoch":2,"train_steps_per_second":0.162,"train_samples_per_second":2.585,"train/grad_norm":25.858787536621094,"train_loss":14.961310843898826,"total_flos":0,"_wandb":{"runtime":1258},"_step":148}