{"_timestamp":1.7525355972049897e+09,"train_loss":-0.06910321558049569,"_wandb":{"runtime":892},"train_samples_per_second":2.381,"_runtime":892,"train/epoch":1.9672131147540983,"train/loss":-0.3053,"train/grad_norm":16.809831619262695,"train_steps_per_second":0.146,"train/learning_rate":0,"_step":92,"total_flos":0,"train/forget_Q_A_ROUGE":0.852231329690346,"train_runtime":614.9041,"train/global_step":90}