{"train/grad_norm":2.953277826309204,"train/learning_rate":0,"train_loss":2.559316832678659,"train/global_step":315,"train/loss":2.1027,"train_runtime":664.8784,"_wandb":{"runtime":854},"_step":317,"train_samples_per_second":61.492,"train_steps_per_second":0.474,"total_flos":4.054313870032896e+15,"train/epoch":4.926686217008798,"_runtime":854,"train/forget_Q_A_ROUGE":0.1609268707482993,"_timestamp":1.7519335513372047e+09}