{"train_runtime":540.3007,"train/global_step":45,"train/epoch":0.9836065573770492,"_timestamp":1.7524507278117778e+09,"train/learning_rate":0,"total_flos":0,"train_loss":-1.436893281671736,"train_samples_per_second":1.355,"_wandb":{"runtime":943},"train/forget_Q_A_ROUGE":0.2244990892531876,"train/loss":-1.5508,"_step":47,"train/grad_norm":5.235995769500732,"train_steps_per_second":0.083,"_runtime":943}