{"train/forget_Q_A_ROUGE":0.1167381974248927,"train_runtime":542.2563,"train/epoch":2,"train_samples_per_second":4.297,"train/loss":14.6275,"total_flos":0,"_timestamp":1.7528042193404913e+09,"_runtime":752,"_step":148,"train/learning_rate":0,"train/global_step":146,"_wandb":{"runtime":752},"train_steps_per_second":0.269,"train/grad_norm":41.43649673461914,"train_loss":15.701280143162975}