{"_step":31,"train_samples_per_second":1.831,"train/loss":-0.7485,"total_flos":0,"train/global_step":29,"train_loss":-0.8764133967202286,"train/grad_norm":3.1846671104431152,"_timestamp":1.752101749898853e+09,"train/forget_Q_A_ROUGE":0.4918091168091169,"train/epoch":0.9914529914529915,"train_runtime":255.6536,"_runtime":475,"_wandb":{"runtime":475},"train_steps_per_second":0.113,"train/learning_rate":0}