{"train/forget_Q_A_ROUGE":0.12773224043715847,"train/grad_norm":0.28600552678108215,"total_flos":0,"train_loss":0.01339696032098598,"_runtime":447,"train_runtime":306.7782,"train/global_step":90,"train_steps_per_second":0.293,"_step":92,"train/loss":0.0121,"_wandb":{"runtime":447},"train/learning_rate":0,"train/epoch":1.9672131147540983,"train_samples_per_second":4.772,"_timestamp":1.752544824867296e+09}