{"_step":102,"train/loss":-3.5712,"_timestamp":1.752727960971576e+09,"_wandb":{"runtime":1032},"_runtime":1032,"train/grad_norm":21.207645416259766,"train/epoch":1.9801980198019802,"train_samples_per_second":2.25,"train/learning_rate":0,"total_flos":0,"train_loss":-0.4117379843690287,"train/global_step":100,"train_steps_per_second":0.139,"train/forget_Q_A_ROUGE":0.18256918628665839,"train_runtime":717.2015}