{"train_samples_per_second":23.72,"_runtime":1475,"total_flos":7.04198800622592e+15,"train_steps_per_second":0.183,"train/forget_Q_A_ROUGE":0.12074829931972787,"train_loss":2.6377790724789656,"train/loss":2.3223,"_wandb":{"runtime":1475},"train/learning_rate":0,"_step":191,"train_runtime":1034.2057,"train/global_step":189,"train/grad_norm":1.2239817380905151,"_timestamp":1.7518931328589034e+09,"train/epoch":2.9560117302052786}