{"train_steps_per_second":0.117,"_timestamp":1.7525268747907028e+09,"train/forget_Q_A_ROUGE":0.9658469945355191,"train/learning_rate":0,"train/epoch":0.9836065573770492,"train_runtime":385.9509,"train_samples_per_second":1.897,"_runtime":661,"train/grad_norm":0.5706883072853088,"_wandb":{"runtime":661},"_step":47,"train/global_step":45,"train_loss":-0.038225076171673006,"total_flos":0,"train/loss":-0.0218}