{"_runtime":1715,"train/loss":2.1286,"_step":317,"total_flos":4.054313870032896e+15,"_timestamp":1.752539877402101e+09,"train_samples_per_second":25.893,"train/learning_rate":0,"train/global_step":315,"_wandb":{"runtime":1715},"train/forget_Q_A_ROUGE":0.16029143897996356,"train_runtime":1579.0046,"train/epoch":4.926686217008798,"train/grad_norm":2.9551007747650146,"train_steps_per_second":0.199,"train_loss":2.5238988497900583}