{"train/learning_rate":0,"train/forget_Q_A_ROUGE":0.07312925170068027,"train/global_step":49,"_timestamp":1.7519295421800544e+09,"train_loss":-3.154446543479452,"train_steps_per_second":0.218,"_wandb":{"runtime":418},"train/epoch":1,"_runtime":418,"total_flos":0,"train/grad_norm":4.614385604858398,"_step":51,"train_samples_per_second":3.494,"train_runtime":224.4045,"train/loss":-3.4864}